time,latitude,longitude,depth,mag,magType,nst,gap,dmin,rms,net,id,updated,place,type,horizontalError,depthError,magError,magNst,status,locationSource,magSource
2024-12-17T01:08:14.980Z,40.282,-123.710666666667,28.97,4.05,mw,79,23,0.07975,0.18,nc,nc75104216,2025-12-17T01:18:21.435Z,"20 km NE of Redway, CA",earthquake,0.23,0.55,,9,reviewed,nc,nc
2024-12-10T00:39:56.966Z,39.1686,-119.0225,8.1,4.2,ml,28,42.03,0.25,0.1405,nn,nn00888661,2025-03-03T22:53:48.682Z,"23 km NNE of Yerington, Nevada",earthquake,,5.7,0.31,9,reviewed,nn,nn
2024-12-09T23:08:31.577Z,39.1675,-119.0238,9.3,5.7,mw,32,41.37,0.248,0.1163,nn,nn00888580,2025-12-09T23:18:38.479Z,"2024 Parker Butte, Nevada Earthquake",earthquake,,2.4,,,reviewed,nn,nn
2024-12-06T20:01:06.780Z,40.2888333333333,-124.510833333333,7.27,4.04,mw,51,248,0.1287,0.21,nc,nc75097986,2025-02-15T18:30:31.040Z,"20 km W of Petrolia, CA",earthquake,0.7,0.5,,19,reviewed,nc,nc
2024-12-05T18:47:36.030Z,38.8441666666667,-122.827,0.41,4.27,ml,69,34,0.008657,0.06,nc,nc75095671,2025-02-15T18:29:52.040Z,"9 km WNW of Cobb, CA",earthquake,0.09,0.14,0.231,5,reviewed,nc,nc
2024-11-14T02:40:35.178Z,38.173,-117.9166,14.2,4.3,ml,12,45.359999999999985,0.06,0.1676,nn,nn00887532,2025-11-14T02:50:47.747Z,"29 km SE of Mina, Nevada",earthquake,,0.8,0.38,5,reviewed,nn,nn
2024-10-25T15:04:23.620Z,36.5508333,-117.056,4.58,4.54,ml,34,147,0.5094,0.16,ci,ci40964384,2025-01-04T23:08:10.040Z,"10 km SE of Stovepipe Wells, CA",earthquake,0.26,31.61,0.109,15,reviewed,ci,ci
2024-10-25T08:05:08.290Z,36.6016667,-117.0911667,3.98,4.72,mw,35,146,0.3829,0.17,ci,ci40964128,2025-10-25T08:15:16.080Z,"5 km E of Stovepipe Wells, CA",earthquake,0.31,31.61,,6,reviewed,ci,ci
2024-10-25T06:52:08.300Z,36.604,-117.0985,4.34,4.16,mw,33,146,0.4464,0.17,ci,ci40964048,2025-01-25T01:36:04.060Z,"4 km E of Stovepipe Wells, CA",earthquake,0.35,31.61,,6,reviewed,ci,ci
2024-10-24T06:58:47.140Z,40.2793333333333,-124.295166666667,9.75,4.36,mw,48,140,0.03174,0.23,nc,nc75077996,2025-12-23T21:23:45.797Z,"5 km SSW of Petrolia, CA",earthquake,0.53,0.31,,7,reviewed,nc,nc
2024-10-24T06:18:15.420Z,40.2756666666667,-124.288333333333,9.88,4,mw,49,142,0.02549,0.24,nc,nc75077981,2025-12-23T20:10:54.872Z,"5 km SSW of Petrolia, CA",earthquake,0.43,0.27,,5,reviewed,nc,nc
2024-10-02T00:45:18.260Z,36.0808333333333,-120.200666666667,11.15,4.02,mw,71,36,0.04766,0.17,nc,nc75069176,2025-12-23T16:44:38.686Z,"11 km NNW of Avenal, CA",earthquake,0.18,0.25,,8,reviewed,nc,nc
2024-09-29T09:47:33.220Z,36.9118333333333,-121.653333333333,6.94,4.15,mw,106,47,0.02022,0.16,nc,nc75068161,2025-12-23T16:28:16.803Z,"3 km  of Aromas, CA",earthquake,0.15,0.29,,29,reviewed,nc,nc
2024-09-12T14:28:21.610Z,34.0565,-118.8126667,11.35,4.71246919380642,mw,145,101,0.03238,0.29,ci,ci40731623,2026-01-28T18:16:07.919Z,"6 km N of Malibu, CA",earthquake,0.23,0.34,,10,reviewed,ci,ci
2024-09-07T14:30:36.710Z,38.7771666666667,-122.746666666667,0.16,4.28,mw,121,17,0.009855,0.1,nc,nc75058606,2025-12-23T16:23:38.426Z,"1 km ESE of The Geysers, CA",earthquake,0.09,0.17,,46,reviewed,nc,nc
2024-08-23T15:31:58.225Z,38.6864,-118.5666,5.5,4.3,ml,13,41.23999999999995,0.068,0.1639,nn,nn00882856,2025-08-23T15:42:06.347Z,"16 km ENE of Walker Lake, Nevada",earthquake,,1.8,0.27,4,reviewed,nn,nn
2024-08-14T03:06:35.540Z,36.636,-115.7274,13.2,4.4,ml,43,44.07,0.19,0.1326,nn,nn00882322,2025-08-14T03:16:38.744Z,"8 km NW of Indian Springs, Nevada",earthquake,,2,0.27,20,reviewed,nn,nn
2024-08-12T19:20:24.670Z,34.0825,-118.1788333,10.98,4.39,mw,192,24,0.03299,0.24,ci,ci40699207,2025-08-12T19:30:35.830Z,"4 km SSE of Highland Park, CA",earthquake,0.12,0.22,,6,reviewed,ci,ci
2024-08-08T02:09:15.010Z,35.102,-119.0726667,11.57,4.44,mw,99,21,0.04425,0.28,ci,ci40869232,2024-10-24T17:57:23.040Z,"22 km NW of Grapevine, CA",earthquake,0.19,0.81,,6,reviewed,ci,ci
2024-08-07T04:17:10.020Z,35.111,-119.0783333,11.09,4.06,mw,83,22,0.05247,0.29,ci,ci40865224,2024-10-24T17:56:52.040Z,"22 km SW of Lamont, CA",earthquake,0.22,0.56,,4,reviewed,ci,ci
2024-08-07T04:10:44.540Z,35.1088333,-119.115,11.98,4.6,ml,49,50,0.05627,0.24,ci,ci40865192,2025-03-09T20:53:50.153Z,"25 km SW of Lamont, CA",earthquake,0.22,0.79,0.118,30,reviewed,ci,ci
2024-08-07T04:09:56.760Z,35.109,-119.097,11.6,5.22,mw,101,21,0.05144,0.26,ci,ci40865184,2025-08-07T04:20:12.594Z,"24 km SW of Lamont, CA",earthquake,0.19,0.78,,6,reviewed,ci,ci
2024-07-29T20:00:52.590Z,34.9503333,-116.7866667,7.26,4.87,mw,53,57,0.1883,0.16,ci,ci40675215,2026-01-08T17:27:11.477Z,"22 km ENE of Barstow, CA",earthquake,0.14,0.72,,6,reviewed,ci,ci
2024-06-29T23:35:33.664Z,39.391,-116.684,7.6,4.1,ml,8,94.69,0.962,0.1941,nn,nn00880126,2025-06-29T23:45:36.819Z,"35 km ESE of Austin, Nevada",earthquake,,3.6,0.22,4,reviewed,nn,nn
2024-06-24T22:30:59.930Z,35.1131667,-119.1115,12.07,4.09,mw,71,23,0.05899,0.27,ci,ci40809504,2024-10-22T00:04:20.582Z,"24 km SW of Lamont, CA",earthquake,0.19,0.75,,4,reviewed,ci,ci
2024-06-22T03:46:25.830Z,39.6675,-123.532833333333,3.33,4.34,mw,50,90,0.04189,0.13,nc,nc75025237,2025-06-22T03:56:38.396Z,"5 km WSW of Laytonville, CA",earthquake,0.21,0.58,,33,reviewed,nc,nc
2024-06-08T19:34:29.120Z,38.814,-122.821833333333,3.55,4.48,mw,103,19,0.007693,0.07,nc,nc75017972,2025-04-04T06:39:59.190Z,"7 km NW of The Geysers, CA",earthquake,0.09,0.15,,17,reviewed,nc,nc
2024-06-05T11:58:40.930Z,32.4225,-115.1796667,15.58,4.57,mw,37,55,0.06498,0.38,ci,ci40614823,2024-10-09T06:19:30.798Z,"8 km N of Delta, B.C., MX",earthquake,0.49,0.82,,6,reviewed,ci,ci
2024-06-05T08:42:42.220Z,32.3746667,-115.2001667,14.99,4.32,mw,26,217,0.3447,0.36,ci,ci40614631,2024-10-09T04:19:47.174Z,"2 km NNW of Delta, B.C., MX",earthquake,1.43,31.61,,6,reviewed,ci,ci
2024-05-20T12:17:36.030Z,33.028,-116.0046667,11.18,4.05,mw,83,20,0.1439,0.25,ci,ci40593503,2025-05-20T12:27:40.651Z,"17 km SE of Ocotillo Wells, CA",earthquake,0.17,0.56,,6,reviewed,ci,ci
2024-05-15T06:39:03.840Z,40.8283333333333,-123.901833333333,25.58,4.02,mw,47,34,0.09753,0.15,nc,nc75006996,2025-05-15T06:49:15.073Z,"9 km SE of Blue Lake, CA",earthquake,0.29,0.56,,10,reviewed,nc,nc
2024-05-13T04:02:18.810Z,32.4348333,-115.2281667,11.84,4.18,mw,43,45,0.06675,0.37,ci,ci40747544,2024-09-09T23:29:04.255Z,"10 km NNW of Delta, B.C., MX",earthquake,0.36,0.86,,6,reviewed,ci,ci
2024-05-12T19:04:00.050Z,32.4115,-115.247,11.21,4.58,mw,38,44,0.0497,0.39,ci,ci40747088,2025-03-24T22:19:33.856Z,"8 km NW of Delta, B.C., MX",earthquake,0.43,1.02,,6,reviewed,ci,ci
2024-05-12T18:33:44.660Z,32.41,-115.2566667,11.06,4,mw,42,48,0.04196,0.39,ci,ci40746952,2024-10-09T11:38:42.524Z,"8 km NW of Delta, B.C., MX",earthquake,0.44,0.89,,4,reviewed,ci,ci
2024-05-12T18:22:42.200Z,32.4246667,-115.2405,8.49,4.86,mw,39,44,0.05479,0.38,ci,ci40746912,2025-05-12T18:32:50.917Z,"9 km NNW of Delta, B.C., MX",earthquake,0.4,1.1,,6,reviewed,ci,ci
2024-05-08T01:14:36.590Z,32.4016667,-115.2483333,11.54,4.06,mw,41,49,0.05112,0.37,ci,ci40742680,2024-09-09T23:32:11.926Z,"7 km NW of Delta, B.C., MX",earthquake,0.41,0.96,,4,reviewed,ci,ci
2024-05-01T20:49:00.760Z,33.8111667,-117.6445,4.61,4.11,mw,210,13,0.03349,0.21,ci,ci40735352,2025-10-25T00:04:07.090Z,"10 km SW of Corona, CA",earthquake,0.1,0.28,,6,reviewed,ci,ci
2024-04-18T19:19:18.140Z,35.493,-118.513,3.22,4.32,mw,98,18,0.1724,0.18,ci,ci40549375,2025-04-18T19:29:24.193Z,"11 km S of Bodfish, CA",earthquake,0.11,0.55,,6,reviewed,ci,ci
2024-04-05T01:34:49.830Z,40.04,-121.3006667,7.76,4.42,mw,37,50,0.2392,0.17,nc,nc71133194,2025-04-05T01:45:02.144Z,"6 km NW of Belden, CA",earthquake,0.24,2.58,,4,reviewed,nc,nc
2024-04-05T01:34:25.410Z,40.0331667,-121.3163333,5.38,4.08,mw,187,22,0.2512,0.33,nc,nc74029551,2024-06-12T21:51:54.040Z,"6 km WNW of Belden, CA",earthquake,0.19,0.51,,5,reviewed,nc,nc
2024-02-14T07:53:13.600Z,33.1276667,-115.623,9.84,4.04,mw,74,41,0.03654,0.26,ci,ci40669624,2024-09-09T23:53:02.974Z,"10 km N of Westmorland, CA",earthquake,0.2,0.41,,7,reviewed,ci,ci
2024-02-12T08:42:48.620Z,32.7998333,-115.5655,15.76,4.56,mw,69,39,0.0541,0.3,ci,ci40666368,2025-08-13T14:26:46.530Z,"2 km NNW of El Centro, CA",earthquake,0.25,0.39,,6,reviewed,ci,ci
2024-02-12T08:38:34.290Z,32.8161667,-115.5866667,13.64,4.05,mw,66,38,0.05836,0.34,ci,ci40666320,2024-09-09T23:33:42.056Z,"4 km SSW of Imperial, CA",earthquake,0.29,0.59,,5,reviewed,ci,ci
2024-02-12T08:36:25.460Z,32.8135,-115.5735,17.93,4.81,mw,71,39,0.05943,0.34,ci,ci40666288,2026-01-27T17:00:43.490Z,"3 km NNW of El Centro, CA",earthquake,0.3,0.56,,6,reviewed,ci,ci
2024-02-10T07:20:19.320Z,40.2828333,-124.526,9.29,4.11,mw,40,255,0.1404,0.2,nc,nc74000441,2024-04-20T19:35:03.040Z,"21 km WSW of Petrolia, CA",earthquake,0.53,0.58,,4,reviewed,nc,nc
2024-02-09T21:47:27.320Z,34.0575,-118.9076667,15.28,4.61,mw,139,120,0.0536,0.28,ci,ci40664632,2024-10-21T23:37:02.078Z,"11 km WNW of Malibu, CA",earthquake,0.23,0.28,,6,reviewed,ci,ci
2024-01-26T21:28:13.530Z,38.7911667,-122.7575,2.78,4.18,mw,119,34,0.009601,0.1,nc,nc73994586,2024-06-08T20:55:44.614Z,"2 km N of The Geysers, CA",earthquake,0.1,0.15,,5,reviewed,nc,nc
2024-01-25T03:43:19.970Z,34.1116667,-117.3115,15.78,4.24,mw,170,15,0.0193,0.22,ci,ci39756418,2026-01-09T20:54:38.499Z,"3 km SW of San Bernardino, CA",earthquake,0.12,0.23,,6,reviewed,ci,ci
2024-01-23T05:26:10.410Z,41.499,-124.2015,35.68,4.33,mw,74,163,0.2387,0.14,nc,nc73992726,2026-01-07T20:54:40.015Z,"16 km WSW of Klamath, CA",earthquake,0.39,0.34,,3,reviewed,nc,nc
2024-01-15T10:44:10.130Z,32.4636667,-118.2878333,5.91,4.43,mw,9,246,0.5592,0.18,ci,ci40460015,2025-12-30T20:54:34.657Z,"40 km S of San Clemente Is. (SE tip), CA",earthquake,1.86,31.61,,6,reviewed,ci,ci
2024-01-05T18:55:54.870Z,34.2583333,-117.5088333,9.11,4.15,mw,208,14,0.0327,0.23,ci,ci40455759,2025-12-21T20:54:42.040Z,"1 km W of Lytle Creek, CA",earthquake,0.1,0.27,,6,reviewed,ci,ci
2024-01-01T16:27:32.250Z,33.5798333,-118.3703333,11.44,4.06,mw,138,116,0.147,0.28,ci,ci40453591,2025-12-16T20:54:32.139Z,"18 km S of Rancho Palos Verdes, CA",earthquake,0.26,0.44,,5,reviewed,ci,ci
2023-12-01T07:43:27.480Z,32.7518333,-115.8728333,8.69,4.8,mw,95,29,0.1121,0.26,ci,ci39720706,2024-10-21T23:22:41.422Z,"11 km E of Ocotillo, CA",earthquake,0.17,0.56,,6,reviewed,ci,ci
2023-11-10T15:30:44.470Z,38.1859,-117.8543,12.7,4.3,ml,13,43.65,0.104,0.1701,nn,nn00868733,2024-01-13T23:11:10.040Z,"31 km SE of Mina, Nevada",earthquake,,1.3,0.58,6,reviewed,nn,nn
2023-11-03T20:12:18.460Z,34.4215,-119.1696667,6.91,4.02,mw,105,25,0.03072,0.29,ci,ci39706674,2024-10-21T23:20:53.360Z,"7 km ESE of Ojai, CA",earthquake,0.19,0.51,,5,reviewed,ci,ci
2023-10-28T05:40:18.740Z,38.5571667,-119.5103333,4.46,4.24,mw,23,112,0.02968,0.05,nc,nc73952605,2024-01-04T04:22:34.040Z,"5 km NNW of Walker, CA",earthquake,0.2,0.36,,6,reviewed,nc,nc
2023-10-18T16:29:14.990Z,38.127,-121.6428333,8.46,4.24,mw,157,20,0.04364,0.41,nc,nc73948665,2024-09-19T20:42:46.097Z,"5 km SW of Isleton, CA",earthquake,0.26,1.05,,4,reviewed,nc,nc
2023-10-16T10:31:25.060Z,40.756,-124.5208333,23.63,4.03,mw,75,204,0.2389,0.17,nc,nc73947835,2024-03-08T16:43:16.406Z,"28 km W of Humboldt Hill, CA",earthquake,0.44,0.74,,4,reviewed,nc,nc
2023-10-16T10:20:49.740Z,40.3156667,-124.0548333,31.06,4.83,mw,45,52,0.0472,0.12,nc,nc73947830,2024-06-15T17:14:55.040Z,"20 km E of Petrolia, CA",earthquake,0.27,0.59,,4,reviewed,nc,nc
2023-10-01T15:41:29.620Z,40.2951667,-124.287,9.8,4.09,mw,42,105,0.02685,0.17,nc,nc73944166,2023-12-14T21:26:50.040Z,"3 km S of Petrolia, CA",earthquake,0.37,0.23,,4,reviewed,nc,nc
2023-09-30T17:16:47.830Z,40.501,-124.4385,29.09,4.22,mw,40,221,0.08112,0.14,nc,nc73943846,2023-12-09T22:00:42.040Z,"17 km WSW of Ferndale, CA",earthquake,0.66,0.51,,6,reviewed,nc,nc
2023-09-30T15:26:26.760Z,40.5588333,-124.2886667,17.88,4.65,mw,45,166,0.02573,0.2,nc,nc73943821,2023-12-09T22:00:42.040Z,"3 km SW of Ferndale, CA",earthquake,0.44,0.29,,5,reviewed,nc,nc
2023-09-19T04:13:10.380Z,37.4381667,-121.2958333,3.51,4.53,mw,174,91,0.05369,0.18,nc,nc73938736,2024-09-29T14:32:09.477Z,"15 km SW of Westley, CA",earthquake,0.17,0.5,,5,reviewed,nc,nc
2023-09-08T17:25:05.950Z,40.9618333,-121.5705,12.44,4.33,ml,15,90,0.07524,0.05,nc,nc71131324,2023-11-17T19:47:46.040Z,"12 km NE of Burney, CA",earthquake,0.23,0.42,0.009,4,reviewed,nc,nc
2023-09-08T17:24:38.390Z,40.953,-121.56,15.63,4.99,mw,41,33,0.08699,0.12,nc,nc73934641,2025-08-24T17:45:13.794Z,"12 km NE of Burney, CA",earthquake,0.2,0.56,,4,reviewed,nc,nc
2023-08-20T21:41:00.970Z,34.4085,-119.1883333,4.84,5.08,mw,115,27,0.05069,0.35,ci,ci39645386,2025-12-16T15:12:57.455Z,"7 km SE of Ojai, CA",earthquake,0.25,0.69,,6,reviewed,ci,ci
2023-08-17T21:08:00.860Z,40.3183333,-124.2343333,31.93,4.07,mw,42,49,0.03838,0.13,nc,nc73925281,2023-10-27T21:39:03.040Z,"4 km E of Petrolia, CA",earthquake,0.36,0.46,,5,reviewed,nc,nc
2023-08-10T19:17:18.370Z,35.9345,-120.484,9.5,4.28,mw,72,54,0.01574,0.11,nc,nc73922596,2024-10-09T13:36:08.759Z,"6 km NW of Parkfield, CA",earthquake,0.14,0.2,,4,reviewed,nc,nc
2023-08-02T05:38:08.620Z,33.186,-115.5735,3.11,4.12,mw,67,89,0.03635,0.24,ci,ci39627442,2024-05-02T22:15:51.603Z,"8 km SW of Niland, CA",earthquake,0.22,0.3,,6,reviewed,ci,ci
2023-07-19T07:34:23.821Z,39.5107,-116.5364,3.7,4.5,mw,8,46.24,0.842,0.4058,nn,nn00862970,2023-09-28T21:33:47.040Z,"45 km E of Austin, Nevada",earthquake,,9.7,,,reviewed,nn,nn
2023-06-18T03:44:59.090Z,39.0893333,-123.0895,10.52,4.35,mw,92,64,0.04182,0.11,nc,nc73902356,2023-08-26T20:54:16.040Z,"8km SE of Talmage, CA",earthquake,0.13,0.35,,4,reviewed,nc,nc
2023-06-03T12:01:28.410Z,38.7961667,-122.7953333,0.84,4.17,md,23,81,0.006518,0.06,nc,nc71130559,2023-07-07T18:23:19.245Z,"4km WNW of The Geysers, CA",earthquake,0.16,0.31,0.198,15,reviewed,nc,nc
2023-06-03T12:01:18.960Z,38.7921667,-122.7785,3.83,4.45,mw,106,25,0.007429,0.06,nc,nc73895826,2025-01-02T03:48:54.769Z,"2km NW of The Geysers, CA",earthquake,0.1,0.15,,4,reviewed,nc,nc
2023-05-26T11:26:25.000Z,40.2266667,-121.1478333,6.71,4.13,mw,41,46,0.02109,0.18,nc,nc73890170,2023-07-29T22:00:40.040Z,"2km NNE of Prattville, CA",earthquake,0.27,0.64,,3,reviewed,nc,nc
2023-05-21T03:26:29.610Z,37.2836667,-117.5835,5.29,4.26,mw,18,163,0.07104,0.17,ci,ci40230055,2023-07-29T22:00:24.040Z,"64km ENE of Big Pine, CA",earthquake,0.4,0.56,,6,reviewed,ci,ci
2023-05-12T10:18:41.310Z,40.196,-121.0998333,6.06,5.16,mw,49,37,0.06232,0.19,nc,nc73887046,2023-07-22T19:17:00.040Z,"4km NW of Canyondam, CA",earthquake,0.29,0.66,,4,reviewed,nc,nc
2023-05-11T23:19:41.990Z,40.2041667,-121.1095,5.85,5.48,mw,54,46,0.05144,0.16,nc,nc73886731,2025-04-26T15:42:17.941Z,"Lake Almanor Earthquake",earthquake,0.26,0.56,,4,reviewed,nc,nc
2023-04-30T07:58:19.380Z,33.2036667,-115.5858333,1.89,4.26,mw,68,90,0.03616,0.26,ci,ci40215735,2025-10-23T18:25:47.660Z,"7km WSW of Niland, CA",earthquake,0.22,0.35,,6,reviewed,ci,ci
2023-04-30T07:10:10.180Z,33.1893333,-115.5933333,1.88,4.29,mw,55,87,0.02213,0.29,ci,ci40215583,2025-10-23T18:56:29.580Z,"9 km SW of Niland, CA",earthquake,0.27,0.41,,6,reviewed,ci,ci
2023-04-30T07:09:34.500Z,33.2008333,-115.59,2.04,4.33,mw,65,88,0.0317,0.25,ci,ci40215575,2023-07-15T22:10:36.040Z,"8km WSW of Niland, CA",earthquake,0.24,0.35,,6,reviewed,ci,ci
2023-04-29T12:07:03.500Z,32.711,-115.5448333,10.43,4.09,mw,57,43,0.05872,0.3,ci,ci40214151,2025-06-04T16:24:17.715Z,"3 km SSW of Heber, CA",earthquake,0.25,0.51,,6,reviewed,ci,ci
2023-04-12T05:39:51.750Z,38.8351667,-122.8068333,2.45,4.43,mw,103,24,0.01202,0.07,nc,nc73871215,2023-07-14T15:13:58.684Z,"7km WNW of Cobb, CA",earthquake,0.08,0.12,,4,reviewed,nc,nc
2023-04-04T22:23:17.820Z,36.801,-121.323,10.16,4.41,mw,111,48,0.07605,0.17,nc,nc73866925,2025-01-15T08:56:45.715Z,"1km NNW of Tres Pinos, CA",earthquake,0.13,0.27,,3,reviewed,nc,nc
2023-04-01T01:16:07.810Z,33.3816667,-116.9096667,12.96,4.15,mw,153,18,0.09988,0.21,ci,ci39508378,2025-04-15T00:03:45.334Z,"5km NW of Palomar Observatory, CA",earthquake,0.1,0.37,,6,reviewed,ci,ci
2023-03-21T23:18:19.630Z,40.5415,-124.3725,18.1,4.54,mw,34,204,0.07107,0.18,nc,nc73860415,2023-05-26T21:54:11.040Z,"10km WSW of Ferndale, CA",earthquake,0.57,0.35,,5,reviewed,nc,nc
2023-01-25T10:00:54.680Z,33.885,-118.7045,14.71,4.19,mw,155,134,0.1464,0.24,ci,ci40161279,2025-01-25T15:31:04.712Z,"16km S of Malibu Beach, CA",earthquake,0.25,0.35,,6,reviewed,ci,ci
2023-01-20T08:01:14.570Z,41.128,-123.8753333,25.27,4.26,mw,80,89,0.2208,0.17,nc,nc73834441,2023-04-20T22:26:01.468Z,"16km WSW of Weitchpec, CA",earthquake,0.31,1.29,,4,reviewed,nc,nc
2023-01-01T18:35:04.510Z,40.409,-123.971,30.63,5.35,mw,37,44,0.1146,0.13,nc,nc73827571,2026-01-26T00:36:44.741Z,"15km SE of Rio Dell, CA",earthquake,0.25,0.62,,5,reviewed,nc,nc
2022-12-31T12:12:26.650Z,33.3975,-116.3933333,3.88,4.14,mw,132,16,0.07391,0.19,ci,ci40151807,2024-01-20T17:51:17.376Z,"16 km N of Borrego Springs, CA",earthquake,0.1,0.38,,6,reviewed,ci,ci
2022-12-24T19:33:44.190Z,40.5571667,-124.0083333,22.4,4.16,mw,40,43,0.08861,0.15,nc,nc73824236,2023-06-12T12:32:50.543Z,"8km E of Hydesville, CA",earthquake,0.22,0.36,,6,reviewed,nc,nc
2022-12-20T22:06:34.380Z,40.5455,-124.3291667,19.74,4.35,mw,32,188,0.05465,0.17,nc,nc73822026,2023-02-28T23:06:36.040Z,"6km WSW of Ferndale, CA",earthquake,0.53,0.32,,4,reviewed,nc,nc
2022-12-20T10:39:02.360Z,40.5228333,-124.1881667,26.55,4.92,mw,35,60,0.06918,0.12,nc,nc73821046,2023-02-28T23:06:32.040Z,"7km WNW of Rio Dell, CA",earthquake,0.3,0.47,,3,reviewed,nc,nc
2022-12-20T10:34:24.770Z,40.525,-124.423,17.91,6.4,mw,38,214,0.0818,0.18,nc,nc73821036,2026-01-07T06:38:39.444Z,"15km WSW of Ferndale, CA",earthquake,0.67,0.4,,0,reviewed,nc,nc
2022-10-25T18:42:02.710Z,37.3115,-121.672,8.38,5.06,mw,199,28,0.03815,0.1,nc,nc73799091,2025-03-29T18:11:24.757Z,"15km ESE of Alum Rock, CA",earthquake,0.08,0.18,,3,reviewed,nc,nc
2022-10-23T18:16:23.050Z,40.5781667,-124.14,28.35,4.1,mw,41,49,0.008112,0.13,nc,nc73798306,2023-01-20T09:07:31.595Z,"3km SSE of Fortuna, CA",earthquake,0.26,0.58,,3,reviewed,nc,nc
2022-10-20T07:55:16.770Z,40.3495,-123.5185,33.05,4.32,mw,52,35,0.02882,0.14,nc,nc73796766,2023-03-16T14:39:45.451Z,"36km NE of Redway, CA",earthquake,0.28,0.48,,4,reviewed,nc,nc
2022-09-14T01:40:20.420Z,38.4813333,-122.7036667,5.59,4.29,ml,133,24,0.02141,0.11,nc,nc71129069,2024-04-22T15:30:40.718Z,"4km N of Santa Rosa, CA",earthquake,0.09,0.15,0.131,123,reviewed,nc,nc
2022-09-14T01:39:38.730Z,38.475,-122.7071667,5.57,4.39,mw,143,22,0.02906,0.14,nc,nc73781306,2025-12-01T08:43:53.412Z,"3km N of Santa Rosa, CA",earthquake,0.12,0.2,,6,reviewed,nc,nc
2022-09-01T13:36:22.150Z,36.549,-121.0965,1.6,4,mw,62,64,0.04243,0.09,nc,nc73774300,2023-07-11T01:05:25.981Z,"5km ENE of Pinnacles, CA",earthquake,0.12,0.26,,4,reviewed,nc,nc
2022-08-30T08:44:40.660Z,32.4063333,-115.2251667,12.18,4.03,mw,33,101,0.06879,0.36,ci,ci40334320,2022-11-06T04:37:38.040Z,"6km NNW of Delta, B.C., MX",earthquake,0.55,1.29,,6,reviewed,ci,ci
2022-08-08T20:44:14.110Z,38.5816667,-119.446,5.4,4.45,mw,26,54,0.05805,0.11,nc,nc73765585,2022-10-21T23:19:19.040Z,"8km NNE of Walker, CA",earthquake,0.23,0.55,,4,reviewed,nc,nc
2022-07-25T11:21:07.660Z,31.9075,-116.7616667,16.69,4.29,mw,34,214,0.09164,0.27,ci,ci40069263,2022-10-01T22:09:50.040Z,"7km W of El Sauzal, B.C., MX",earthquake,0.47,0.64,,6,reviewed,ci,ci
2022-07-23T01:41:04.680Z,39.4656667,-121.4761667,0.59,4.24,mw,18,62,0.0151,0.11,nc,nc73761796,2022-10-01T22:09:44.040Z,"5km S of Oroville East, CA",earthquake,0.37,1.2,,4,reviewed,nc,nc
2022-07-15T01:19:07.000Z,35.7091667,-117.5843333,6.3,4.58,mw,60,43,0.08708,0.19,ci,ci40063391,2022-12-06T04:12:22.000Z,"13km NE of Ridgecrest, CA",earthquake,0.13,0.47,,6,reviewed,ci,ci
2022-06-28T11:57:40.710Z,38.8301667,-122.7471667,0.48,4.19,mw,89,43,0.01143,0.09,nc,nc73752031,2022-09-03T21:03:46.040Z,"2km WNW of Cobb, CA",earthquake,0.11,0.16,,5,reviewed,nc,nc
2022-06-02T12:07:22.230Z,38.0765,-122.0076667,18.43,4.14,mw,202,24,0.04994,0.25,nc,nc73740051,2025-01-21T08:43:18.778Z,"7km NW of Bay Point, CA",earthquake,0.17,0.24,,4,reviewed,nc,nc
2022-05-26T09:23:32.530Z,35.6026667,-117.406,4.79,4.28,mw,48,41,0.04856,0.18,ci,ci40027143,2022-10-18T22:21:43.241Z,"18km S of Trona, CA",earthquake,0.16,0.37,,6,reviewed,ci,ci
2022-04-15T04:30:55.980Z,31.9305,-116.8925,14.51,4.53,mw,27,234,0.2038,0.23,ci,ci40236864,2025-05-25T01:07:05.479Z,"20km W of El Sauzal, B.C., MX",earthquake,0.8,1.06,,6,reviewed,ci,ci
2022-04-04T15:16:46.240Z,40.4871667,-124.2101667,21.4,4.07,mw,32,56,0.06514,0.15,nc,nc73714181,2022-06-11T20:21:03.040Z,"9km W of Rio Dell, CA",earthquake,0.37,0.38,,4,reviewed,nc,nc
2022-03-13T20:51:32.260Z,36.5846667,-121.1883333,6.03,4.12,mw,79,81,0.01315,0.12,nc,nc73705146,2022-05-27T14:55:22.040Z,"7km NW of Pinnacles, CA",earthquake,0.11,0.21,,3,reviewed,nc,nc
2022-02-15T21:16:24.065Z,38.1814,-117.7833,4.1,4.7,ml,23,33.3,0.12,0.132,nn,nn00833903,2022-04-30T14:18:16.040Z,"36 km SE of Mina, Nevada",earthquake,,3.5,0.14,7,reviewed,nn,nn
2022-01-30T17:46:26.970Z,33.3355,-116.9146667,13.31,4,mw,146,15,0.04714,0.22,ci,ci39928087,2023-02-28T00:45:25.412Z,"5km WSW of Palomar Observatory, CA",earthquake,0.11,0.31,,6,reviewed,ci,ci
2022-01-22T22:40:11.845Z,38.2571,-118.3528,11.7,4.3,mw,28,51.61,0.12,0.1561,nn,nn00832186,2022-04-09T20:18:51.040Z,"25 km SW of Mina, Nevada",earthquake,,1,,,reviewed,nn,nn
2022-01-06T00:28:07.010Z,37.3338333,-117.9023333,9.5,4.75,mw,65,70,0.3206,0.1,nc,nc73674211,2022-03-12T22:19:11.040Z,"8km ESE of Deep Springs, CA",earthquake,0.22,0.57,,4,reviewed,nc,nc
2022-01-05T07:21:14.365Z,38.1677,-117.8238,9.9,4.2,mw,14,45.59,0.111,0.1888,nn,nn00831033,2022-12-20T10:59:22.549Z,"35 km SE of Mina, Nevada",earthquake,,1.6,,,reviewed,nn,nn
2021-12-20T20:10:31.310Z,40.3901667,-124.298,27.04,6.2,mw,33,170,0.06557,0.13,nc,nc73666231,2025-12-22T22:24:46.020Z,"7km N of Petrolia, CA",earthquake,0.46,0.34,,0,reviewed,nc,nc
2021-12-20T20:10:20.310Z,40.2978333,-124.626,16.51,5.65,ml,63,234,0.217,0.18,nc,nc71127029,2025-12-22T22:23:19.403Z,"29km W of Petrolia, CA",earthquake,0.9,0.42,0.146,3,reviewed,nc,nc
2021-11-04T00:24:34.080Z,39.8938333,-123.4245,7.43,4.08,mw,40,60,0.03744,0.18,nc,nc73648540,2022-01-14T17:58:58.040Z,"19km NW of Covelo, CA",earthquake,0.21,0.36,,3,reviewed,nc,nc
2021-11-03T00:24:51.300Z,40.363,-124.2553333,29.6,4.38,mw,37,109,0.04531,0.13,nc,nc73648040,2022-01-14T17:58:55.040Z,"5km NNE of Petrolia, CA",earthquake,0.36,0.43,,3,reviewed,nc,nc
2021-10-25T23:42:35.860Z,35.7758333,-121.3043333,7.79,4.65,mw,67,172,0.2092,0.07,nc,nc73644630,2022-01-08T17:42:33.040Z,"18km NW of San Simeon, CA",earthquake,0.28,1.25,,4,reviewed,nc,nc
2021-09-18T02:58:34.700Z,33.8313333,-118.2636667,11.86,4.28,mw,181,60,0.03611,0.28,ci,ci39812319,2025-06-10T19:27:22.648Z,"2km E of Carson, CA",earthquake,0.17,0.25,,6,reviewed,ci,ci
2021-09-09T21:57:56.520Z,40.2705,-124.3813333,32.83,4.47,mw,23,229,0.03464,0.11,nc,nc73622771,2021-11-17T17:42:42.040Z,"10km SW of Petrolia, CA",earthquake,0.63,0.39,,3,reviewed,nc,nc
2021-08-31T17:21:09.030Z,40.8826,-114.974,7.48,4.7,mww,,13,0.243,0.97,us,us7000f6a0,2021-11-06T20:28:37.040Z,"25 km S of Wells, Nevada",earthquake,2.4,3.4,0.048,41,reviewed,us,us
2021-08-31T16:09:56.600Z,36.5781667,-121.1828333,8.54,4.05,mw,76,64,0.006776,0.12,nc,nc73618401,2021-11-06T20:28:37.040Z,"6km NW of Pinnacles, CA",earthquake,0.15,0.25,,4,reviewed,nc,nc
2021-08-31T08:01:11.180Z,40.2815,-124.4008333,32.36,4,mw,20,240,0.04509,0.14,nc,nc73618286,2021-11-06T20:28:40.040Z,"11km WSW of Petrolia, CA",earthquake,0.84,0.63,,4,reviewed,nc,nc
2021-08-27T12:34:51.160Z,35.5151667,-118.3791667,5.01,4,mw,94,31,0.1664,0.19,ci,ci40024128,2021-11-11T18:44:08.873Z,"13km SE of Bodfish, CA",earthquake,0.11,0.72,,6,reviewed,ci,ci
2021-08-27T04:47:44.690Z,38.5663333,-119.4211667,-1.92,4.37,mw,22,83,0.06336,0.12,nc,nc73615986,2021-11-06T20:29:02.040Z,"25km SSW of Smith Valley, NV",earthquake,0.25,0.42,,6,reviewed,nc,nc
2021-08-23T14:57:23.620Z,33.139,-115.6413333,7.16,4.04,mw,88,27,0.044,0.27,ci,ci40018784,2021-11-02T14:54:43.040Z,"12km N of Westmorland, CA",earthquake,0.18,0.49,,6,reviewed,ci,ci
2021-07-21T10:05:30.050Z,40.2773333,-124.4131667,35.38,4.35,mw,29,230,0.05512,0.16,nc,nc73596726,2022-06-16T17:55:14.186Z,"12km WSW of Petrolia, CA",earthquake,0.77,0.54,,4,reviewed,nc,nc
2021-07-18T06:46:12.650Z,40.3235,-124.4255,30.91,5.12,mw,35,234,0.07243,0.17,nc,nc73594531,2025-12-22T19:04:34.880Z,"12km W of Petrolia, CA",earthquake,0.86,0.49,,6,reviewed,nc,nc
2021-07-09T05:10:35.790Z,38.5426667,-119.5293333,3.92,4.34,mw,53,92,0.0811,0.1,nc,nc73585531,2021-09-17T22:48:38.040Z,"28km SE of Markleeville, CA",earthquake,0.2,0.54,,3,reviewed,nc,nc
2021-07-09T05:04:18.400Z,38.5291667,-119.512,5.7,4.06,mw,50,92,0.06299,0.09,nc,nc73585526,2021-09-17T22:48:38.040Z,"30km SE of Markleeville, CA",earthquake,0.21,0.38,,3,reviewed,nc,nc
2021-07-09T01:46:00.400Z,38.5086667,-119.5343333,3.71,4.55,mw,48,88,0.07555,0.1,nc,nc73585291,2021-09-17T22:48:30.040Z,"30km SE of Markleeville, CA",earthquake,0.17,0.38,,5,reviewed,nc,nc
2021-07-09T00:27:46.560Z,38.4781667,-119.5103333,4.81,4.41,ml,25,71,0.06233,0.03,nc,nc73585141,2025-06-11T17:10:11.067Z,"32km ENE of Dardanelle, CA",earthquake,0.13,0.27,0.185,122,reviewed,nc,nc
2021-07-08T23:58:53.570Z,38.537,-119.524,5.83,4.24,mw,52,92,0.0748,0.1,nc,nc73585086,2024-02-23T03:44:10.959Z,"29km SE of Markleeville, CA",earthquake,0.18,0.37,,4,reviewed,nc,nc
2021-07-08T23:33:40.900Z,38.4796667,-119.5448333,1.58,4.63,mw,38,77,0.08722,0.08,nc,nc73585021,2021-09-10T20:06:58.040Z,"29km ENE of Dardanelle, CA",earthquake,0.12,0.53,,6,reviewed,nc,nc
2021-07-08T22:59:45.260Z,38.5128333,-119.5106667,6.74,4.31,ml,33,101,0.05749,0.09,nc,nc73584936,2026-01-06T01:01:42.869Z,"32km SE of Markleeville, CA",earthquake,0.21,0.32,0.193,115,reviewed,nc,nc
2021-07-08T22:50:14.370Z,38.5126667,-119.5021667,7.4,5.03,ml,6,124,0.05088,0.07,nc,nc71123379,2025-12-22T19:07:07.701Z,"32km SE of Markleeville, CA",earthquake,0.42,0.56,0.086,3,reviewed,nc,nc
2021-07-08T22:49:48.110Z,38.5075,-119.4998333,7.45,6,mw,42,100,0.04846,0.06,nc,nc73584926,2025-12-22T18:01:14.673Z,"Antelope Valley, CA",earthquake,0.14,0.25,,0,reviewed,nc,nc
2021-06-12T04:49:38.280Z,33.206,-115.656,2.62,4.06,mw,112,22,0.03614,0.25,ci,ci39936288,2022-08-09T05:32:17.495Z,"13km WSW of Niland, CA",earthquake,0.14,0.24,,6,reviewed,ci,ci
2021-06-12T04:41:38.511Z,33.2354,-115.6436,8,4.1407,mw,4,,,,ew,ew1623472898,2021-12-30T17:36:07.000Z,"11 km W of Niland, California",earthquake,20.161,5,0.3982,4,automatic,ew,ew
2021-06-12T04:39:46.510Z,33.2066667,-115.647,2.47,4.32,mw,91,23,0.03115,0.24,ci,ci39936192,2021-09-29T17:58:33.715Z,"12km WSW of Niland, CA",earthquake,0.16,0.28,,6,reviewed,ci,ci
2021-06-07T21:08:28.590Z,33.1666667,-115.64,5.34,4.08,mw,108,24,0.02198,0.29,ci,ci39928664,2021-09-05T14:40:18.996Z,"13km WNW of Calipatria, CA",earthquake,0.16,0.38,,6,reviewed,ci,ci
2021-06-05T18:21:48.750Z,33.1513333,-115.6186667,7.06,4.09,mw,111,35,0.02619,0.27,ci,ci39919656,2021-08-24T21:35:19.040Z,"10km WNW of Calipatria, CA",earthquake,0.16,0.38,,8,reviewed,ci,ci
2021-06-05T17:57:21.900Z,33.145,-115.6155,3.69,4.29,ml,76,41,0.03238,0.22,ci,ci39919400,2021-08-24T21:35:24.040Z,"10km WNW of Calipatria, CA",earthquake,0.13,0.18,0.095,17,reviewed,ci,ci
2021-06-05T17:55:58.820Z,33.14,-115.6348333,5.78,5.25,mw,84,33,0.04069,0.23,ci,ci39919392,2025-12-22T19:06:28.646Z,"11km W of Calipatria, CA",earthquake,0.17,0.41,,6,reviewed,ci,ci
2021-06-05T17:45:16.380Z,33.1375,-115.64,4.59,4.08,mw,105,29,0.04479,0.26,ci,ci39919248,2021-08-31T21:33:30.277Z,"11km N of Westmorland, CA",earthquake,0.14,0.4,,6,reviewed,ci,ci
2021-05-28T15:25:21.840Z,39.1221667,-120.0286667,7.02,4.15,mw,37,67,0.1141,0.11,nc,nc73566711,2022-05-14T06:43:41.947Z,"10km SE of Dollar Point, CA",earthquake,0.18,0.59,,3,reviewed,nc,nc
2021-05-20T03:43:52.192Z,38.1634,-117.8509,8.9,4,ml,28,47.44,0.016,0.112,nn,nn00807638,2021-07-24T21:08:27.040Z,"33 km SE of Mina, Nevada",earthquake,,0.6,0.3,13,reviewed,nn,nn
2021-05-08T08:13:52.766Z,38.192,-117.8644,5.2,4.4,ml,26,39.68,0.031,0.1236,nn,nn00806762,2021-07-23T18:08:20.040Z,"30 km SE of Mina, Nevada",earthquake,,0.9,0.22,9,reviewed,nn,nn
2021-05-07T04:35:14.150Z,39.461,-120.3145,10.12,4.65,mw,19,50,0.03461,0.09,nc,nc73559265,2023-06-18T05:39:57.092Z,"19km NW of Truckee, CA",earthquake,0.24,0.54,,3,reviewed,nc,nc
2021-04-28T11:57:24.950Z,38.1672,-116.7295,8.3,4.1,ml,16,72.84,0.399,0.1758,nn,nn00806025,2021-07-07T18:37:09.040Z,"45 km ENE of Tonopah, Nevada",earthquake,,4.5,0.33,10,reviewed,nn,nn
2021-04-20T09:48:34.270Z,40.188,-123.5988333,33.89,4.03,mw,49,40,0.08529,0.18,nc,nc73552000,2021-07-03T16:48:41.040Z,"20km ENE of Redway, CA",earthquake,0.26,0.6,,4,reviewed,nc,nc
2021-04-05T11:44:01.950Z,33.9405,-118.3333333,19.34,4,mw,188,39,0.01933,0.25,ci,ci39838928,2024-11-17T04:25:59.653Z,"2km E of Lennox, CA",earthquake,0.14,0.2,,4,reviewed,ci,ci
2021-04-02T19:08:02.666Z,38.1774,-117.8718,8.3,4.3,ml,31,40.28,0.016,0.1464,nn,nn00804187,2021-07-29T16:50:47.275Z,"31 km SE of Mina, Nevada",earthquake,,0.5,0.16,14,reviewed,nn,nn
2021-04-02T08:21:35.290Z,40.3035,-124.601,19.11,4.36,mw,58,230,0.1982,0.16,nc,nc73545020,2021-08-31T16:26:16.026Z,"27km W of Petrolia, CA",earthquake,0.48,0.3,,4,reviewed,nc,nc
2021-03-31T08:56:25.940Z,32.3903333,-115.2498333,19.22,4.75,mw,54,71,0.05499,0.32,ci,ci39596135,2021-06-08T17:59:22.040Z,"7km NW of Delta, B.C., MX",earthquake,0.46,0.94,,6,reviewed,ci,ci
2021-03-30T16:04:05.925Z,38.1718,-118.07,3.8,4.4,ml,32,41.86,0.019,0.1632,nn,nn00803678,2021-07-27T22:21:01.599Z,"24 km S of Mina, Nevada",earthquake,,0.8,0.28,13,reviewed,nn,nn
2021-02-12T23:57:13.500Z,36.2183333,-117.9266667,3.11,4.03,mw,37,40,0.1112,0.18,ci,ci39550567,2021-04-23T21:04:25.040Z,"10km SE of Olancha, CA",earthquake,0.22,0.63,,4,reviewed,ci,ci
2021-01-17T04:01:27.110Z,36.8673333,-121.6105,8.32,4.2,mw,153,27,0.03114,0.14,nc,nc73512355,2024-09-29T16:08:09.900Z,"4km SE of Aromas, CA",earthquake,0.1,0.19,,4,reviewed,nc,nc
2021-01-17T02:49:08.800Z,36.1876667,-118.0938333,1.11,4.02,mw,46,48,0.1358,0.19,ci,ci39759376,2021-03-27T21:04:57.040Z,"13km SW of Olancha, CA",earthquake,0.17,0.54,,6,reviewed,ci,ci
2021-01-02T14:42:23.790Z,36.6085,-121.2125,6.32,4.32,mw,66,67,0.08224,0.11,nc,nc73506045,2022-01-02T14:00:02.207Z,"10km NW of Pinnacles, CA",earthquake,0.14,0.5,,4,reviewed,nc,nc
2020-12-22T00:30:00.240Z,32.3371667,-115.3908333,15.21,4.05,mw,54,76,0.1096,0.32,ci,ci39500455,2021-07-19T21:07:19.912Z,"19km W of Delta, B.C., MX",earthquake,0.41,0.68,,6,reviewed,ci,ci
2020-12-15T00:35:22.346Z,38.1598,-117.942,10.8,4.3,ml,33,27.42,0.025,0.1472,nn,nn00792265,2022-08-09T01:49:11.868Z,"29 km SSE of Mina, Nevada",earthquake,,0.5,0.18,15,reviewed,nn,nn
2020-12-14T21:20:10.831Z,38.1554,-118.1231,5.2,4.7,ml,33,42.76,0.056,0.1432,nn,nn00792158,2022-06-16T17:57:12.563Z,"26 km S of Mina, Nevada",earthquake,,1.8,0.51,12,reviewed,nn,nn
2020-12-12T07:50:52.930Z,38.1497,-118.1008,6.4,4.9,ml,30,43.01,0.04,0.1745,nn,nn00791435,2025-12-22T18:46:51.710Z,"26 km S of Mina, Nevada",earthquake,,1.1,0.2,13,reviewed,nn,nn
2020-12-06T15:03:33.260Z,39.0376667,-123.0671667,4.95,4.39,mw,74,52,0.0443,0.1,nc,nc73494405,2021-02-12T22:39:42.040Z,"13km W of Lakeport, CA",earthquake,0.17,0.4,,4,reviewed,nc,nc
2020-12-03T05:15:29.993Z,38.175,-118.0654,5,4.9,ml,30,41.69,0.018,0.1367,nn,nn00788443,2021-02-12T22:38:31.040Z,"24 km S of Mina, Nevada",earthquake,,0.8,0.25,13,reviewed,nn,nn
2020-12-03T03:18:10.464Z,38.1654,-117.858,4.6,4,ml,22,38.94,0.011,0.1345,nn,nn00788378,2021-02-12T22:38:29.040Z,"33 km SE of Mina, Nevada",earthquake,,0.7,0.28,9,reviewed,nn,nn
2020-12-02T04:49:28.774Z,38.1692,-118.0711,4.1,4.4,ml,28,41.98,0.018,0.1205,nn,nn00787479,2021-02-12T22:38:08.040Z,"24 km S of Mina, Nevada",earthquake,,0.8,0.23,13,reviewed,nn,nn
2020-12-02T02:24:00.000Z,38.1674,-118.0867,4.76,4.3,mb,,113,0.226,0.3,us,us7000clvy,2021-02-12T22:38:03.040Z,"California-Nevada border region",earthquake,4.9,4.1,0.216,6,reviewed,us,us
2020-12-02T02:23:45.029Z,38.1754,-118.0725,4.3,4.4,ml,25,41.69,0.022,0.149,nn,nn00787309,2022-08-09T01:37:22.588Z,"24 km S of Mina, Nevada",earthquake,,1.1,0.26,11,reviewed,nn,nn
2020-12-01T23:47:05.591Z,38.1675,-118.0813,5.6,4.3,ml,34,42.09,0.024,0.1649,nn,nn00787133,2021-02-06T18:29:36.040Z,"24 km S of Mina, Nevada",earthquake,,0.8,0.16,16,reviewed,nn,nn
2020-12-01T23:43:08.516Z,38.1727,-118.0703,4.8,4.3,ml,33,41.81,0.019,0.1298,nn,nn00787124,2021-02-06T18:29:36.040Z,"24 km S of Mina, Nevada",earthquake,,0.7,0.25,16,reviewed,nn,nn
2020-12-01T23:32:56.573Z,38.1637,-118.0837,5,5.1,ml,21,42.28,0.025,0.1986,nn,nn00787105,2025-12-22T18:46:21.975Z,"25 km S of Mina, Nevada",earthquake,,2.5,0.25,11,reviewed,nn,nn
2020-11-20T10:10:05.966Z,38.1746,-117.8015,7.4,4,ml,31,54.57,0.056,0.1356,nn,nn00785349,2021-02-03T17:50:03.040Z,"36 km SE of Mina, Nevada",earthquake,,0.8,0.23,14,reviewed,nn,nn
2020-11-13T09:29:24.412Z,38.1718,-117.7965,10.1,4.3,ml,34,57.21,0.06,0.1644,nn,nn00782950,2021-01-27T17:28:59.040Z,"36 km SE of Mina, Nevada",earthquake,,0.7,0.25,15,reviewed,nn,nn
2020-11-13T09:15:31.744Z,38.1787,-117.8544,9.03,4,ml,,41,0.021,0.76,us,us7000cefr,2022-06-19T01:17:14.489Z,"32 km SE of Mina, Nevada",earthquake,1.3,6.1,0.085,18,reviewed,us,us
2020-11-13T09:13:51.862Z,38.1693,-117.8533,4.8,5.3,ml,34,38.45,0.016,0.1165,nn,nn00782942,2025-12-22T18:45:11.803Z,"33 km SE of Mina, Nevada",earthquake,,0.6,0.23,13,reviewed,nn,nn
2020-10-01T03:37:04.380Z,33.0518333,-115.575,8.65,4.02,ml,11,90,0.01473,0.21,ci,ci37456405,2022-03-10T19:37:32.119Z,"5km ENE of Westmorland, CA",earthquake,0.48,0.83,0.148,6,reviewed,ci,ci
2020-10-01T03:36:34.130Z,33.0661667,-115.5971667,5.68,4.45,mw,64,40,0.03064,0.29,ci,ci39643328,2021-02-08T05:04:36.726Z,"4km NE of Westmorland, CA",earthquake,0.21,0.51,,6,reviewed,ci,ci
2020-10-01T01:10:25.750Z,33.0443333,-115.5928333,11.39,4.12,mw,68,46,0.01099,0.29,ci,ci39641880,2021-08-26T18:10:25.930Z,"3km ENE of Westmorland, CA",earthquake,0.21,0.43,,5,reviewed,ci,ci
2020-10-01T00:58:13.850Z,33.065,-115.5931667,11.07,4.09,mw,102,41,0.02829,0.28,ci,ci39641768,2022-06-16T17:50:20.140Z,"4km NE of Westmorland, CA",earthquake,0.15,0.34,,6,reviewed,ci,ci
2020-10-01T00:41:18.390Z,33.0713333,-115.5983333,11.22,4.18,mw,68,39,0.03575,0.24,ci,ci39641616,2020-12-12T22:28:26.040Z,"4km NNE of Westmorland, CA",earthquake,0.18,0.43,,4,reviewed,ci,ci
2020-10-01T00:31:27.280Z,33.0546667,-115.5906667,14.19,4.93,mw,92,46,0.01794,0.28,ci,ci39641528,2025-12-22T18:43:04.394Z,"4km NE of Westmorland, CA",earthquake,0.2,0.44,,7,reviewed,ci,ci
2020-09-30T23:31:51.790Z,33.053,-115.5955,4.78,4.35,mw,97,46,0.01861,0.3,ci,ci39641064,2021-02-08T05:04:37.544Z,"3km NE of Westmorland, CA",earthquake,0.17,0.41,,4,reviewed,ci,ci
2020-09-19T06:38:46.930Z,34.038,-118.08,16.87,4.54,mw,236,16,0.01273,0.25,ci,ci38695658,2025-01-27T10:24:44.164Z,"3km WSW of South El Monte, CA",earthquake,0.11,0.22,,6,reviewed,ci,ci
2020-09-15T16:33:36.485Z,38.1597,-117.9623,11.6,4.2,ml,34,41.81,0.021,0.1609,nn,nn00773931,2021-02-11T23:22:18.837Z,"28 km SSE of Mina, Nevada",earthquake,,0.5,0.27,18,reviewed,nn,nn
2020-09-11T07:55:45.450Z,36.4406667,-117.9945,3.93,4.22,ml,45,66,0.06908,0.18,ci,ci38683914,2020-11-21T20:10:36.040Z,"18km SSE of Lone Pine, CA",earthquake,0.18,0.57,0.14,320,reviewed,ci,ci
2020-08-19T17:32:11.070Z,36.4786667,-117.5141667,-0.57,4.72,mw,53,48,0.2161,0.17,ci,ci39584648,2020-10-31T19:06:08.040Z,"36km WSW of Stovepipe Wells, CA",earthquake,0.15,0.45,,6,reviewed,ci,ci
2020-08-19T00:55:23.190Z,39.3605,-123.2458333,8.19,4.22,mw,65,33,0.06711,0.09,nc,nc73446356,2026-01-13T21:35:24.761Z,"11km ESE of Willits, CA",earthquake,0.13,0.33,,4,reviewed,nc,nc
2020-08-10T19:29:29.720Z,33.2653333,-115.6841667,2.87,4.03,mw,86,40,0.08923,0.25,ci,ci39339191,2020-10-21T22:04:05.040Z,"10km SSE of Bombay Beach, CA",earthquake,0.19,0.4,,4,reviewed,ci,ci
2020-08-10T15:56:14.330Z,33.2468333,-115.69,2.07,4.59,mw,86,40,0.08504,0.29,ci,ci39338407,2020-10-21T22:04:04.040Z,"12km SSE of Bombay Beach, CA",earthquake,0.21,31.61,,7,reviewed,ci,ci
2020-07-30T11:29:29.050Z,34.3016667,-118.4383333,8.85,4.17,mw,196,14,0.03917,0.26,ci,ci39322287,2024-04-11T05:26:42.333Z,"1km SE of Sylmar, CA",earthquake,0.12,0.32,,6,reviewed,ci,ci
2020-07-26T02:06:28.540Z,38.1836,-117.7546,12.6,4.4,ml,24,57.87,0.044,0.198,nn,nn00763220,2020-10-03T17:32:23.040Z,"38 km SE of Mina, Nevada",earthquake,,0.7,0.39,9,reviewed,nn,nn
2020-07-23T17:10:35.216Z,38.1053,-117.9224,11.3,4.2,ml,31,43.76,0.045,0.1212,nn,nn00762457,2021-02-16T17:23:49.894Z,"35 km SSE of Mina, Nevada",earthquake,,0.6,0.39,18,reviewed,nn,nn
2020-07-06T06:12:54.847Z,38.1856,-117.8907,5.6,4.5,ml,30,48.55,0.028,0.157,nn,nn00757297,2020-09-11T22:14:19.040Z,"29 km SE of Mina, Nevada",earthquake,,0.7,0.33,10,reviewed,nn,nn
2020-06-30T09:24:23.549Z,38.1539,-117.9583,8.3,5,ml,28,44.32,0.015,0.2511,nn,nn00755218,2020-09-05T17:35:36.040Z,"29 km SSE of Mina, Nevada",earthquake,,0.9,0.28,7,reviewed,nn,nn
2020-06-24T17:59:19.960Z,36.456,-117.9311667,9.62,4.59,mw,44,62,0.1212,0.19,ci,ci39494008,2020-09-05T17:35:16.040Z,"19km SE of Lone Pine, CA",earthquake,0.2,0.44,,6,reviewed,ci,ci
2020-06-24T17:40:49.240Z,36.4468333,-117.9751667,4.66,5.8,mw,48,67,0.08494,0.19,ci,ci39493944,2025-12-22T17:57:54.818Z,"18km SSE of Lone Pine, CA",earthquake,0.18,0.66,,6,reviewed,ci,ci
2020-06-23T00:25:46.390Z,36.4466667,-117.984,2.26,4.65,mw,51,74,0.07783,0.22,ci,ci39490952,2021-02-13T00:11:34.391Z,"17km SSE of Lone Pine, CA",earthquake,0.19,0.83,,6,reviewed,ci,ci
2020-06-20T11:24:27.447Z,38.1778,-117.7965,5.6,4.1,ml,32,48.49,0.061,0.1526,nn,nn00750711,2021-02-16T19:51:32.990Z,"36 km SE of Mina, Nevada",earthquake,,1.2,0.26,15,reviewed,nn,nn
2020-06-20T03:49:55.963Z,38.1748,-117.8174,10.1,4.2,ml,33,37.8,0.044,0.1492,nn,nn00750512,2020-08-30T00:00:54.040Z,"34 km SE of Mina, Nevada",earthquake,,0.5,0.4,15,reviewed,nn,nn
2020-06-19T23:25:07.381Z,38.1733,-117.8125,9.7,4,ml,32,48.36,0.048,0.1486,nn,nn00750384,2021-04-23T20:10:31.420Z,"35 km SE of Mina, Nevada",earthquake,,0.7,0.35,15,reviewed,nn,nn
2020-06-19T20:42:21.454Z,38.1698,-117.8345,6.5,4.9,ml,21,50.72,0.03,0.1765,nn,nn00750312,2020-08-30T00:00:52.040Z,"34 km SE of Mina, Nevada",earthquake,,0.9,0.22,13,reviewed,nn,nn
2020-06-19T10:26:43.704Z,38.1716,-117.8182,11.3,4.3,ml,32,38.23,0.043,0.2135,nn,nn00750130,2020-08-30T00:00:50.040Z,"35 km SE of Mina, Nevada",earthquake,,0.7,0.3,12,reviewed,nn,nn
2020-06-09T13:38:54.522Z,38.1775,-117.7726,11.5,4.2,ml,31,47.11,0.054,0.1548,nn,nn00745837,2021-02-12T00:24:22.342Z,"37 km SE of Mina, Nevada",earthquake,,0.6,0.29,10,reviewed,nn,nn
2020-06-08T04:15:05.770Z,35.6376667,-117.4175,3.64,4.29,mw,46,70,0.1205,0.17,ci,ci39469848,2020-08-18T17:59:04.040Z,"14km S of Searles Valley, CA",earthquake,0.15,0.51,,6,reviewed,ci,ci
2020-06-08T03:24:05.884Z,38.2059,-117.7912,5.2,4.8,ml,32,32.66,0.041,0.174,nn,nn00744961,2020-08-18T17:59:04.040Z,"34 km SE of Mina, Nevada",earthquake,,1.1,0.46,9,reviewed,nn,nn
2020-06-06T02:28:14.899Z,38.1678,-117.8007,8.9,4.1,ml,22,47.81,0.056,0.1673,nn,nn00743758,2021-02-18T23:10:26.911Z,"36 km SE of Mina, Nevada",earthquake,,0.8,0.1,8,reviewed,nn,nn
2020-06-04T02:27:54.610Z,36.1498333,-117.9796667,2.01,4.16,mw,40,70,0.106,0.17,ci,ci39462920,2020-08-18T17:58:48.040Z,"12km NNW of Coso Junction, CA",earthquake,0.17,0.5,,6,reviewed,ci,ci
2020-06-04T01:32:11.140Z,35.6148333,-117.4281667,8.44,5.51,mw,85,45,0.0396,0.21,ci,ci39462536,2025-12-22T18:35:26.599Z,"17km S of Searles Valley, CA",earthquake,0.15,0.45,,6,reviewed,ci,ci
2020-05-31T01:07:15.780Z,38.0448333,-118.7618333,8.11,4.34,mw,60,73,0.289,0.06,nc,nc73399446,2020-08-15T20:19:54.040Z,"29km SE of Bodie, CA",earthquake,0.17,1.16,,3,reviewed,nc,nc
2020-05-29T23:43:43.155Z,38.1508,-117.9934,8.9,4,ml,24,42.34,0.029,0.1574,nn,nn00738444,2021-04-23T20:14:55.502Z,"28 km SSE of Mina, Nevada",earthquake,,0.8,0.42,12,reviewed,nn,nn
2020-05-27T16:03:23.888Z,38.1752,-117.8019,9.5,4.2,ml,32,51.09,0.056,0.1661,nn,nn00736420,2020-11-13T09:31:48.496Z,"35 km SE of Mina, Nevada",earthquake,,0.7,0.22,9,reviewed,nn,nn
2020-05-22T13:01:06.439Z,38.1286,-118.0615,6.1,4.2,ml,27,43.91,0.081,0.1907,nn,nn00731265,2021-02-11T23:00:31.934Z,"29 km S of Mina, Nevada",earthquake,,1.3,0.33,11,reviewed,nn,nn
2020-05-22T00:22:00.588Z,38.2309,-117.7939,7.2,5.1,ml,31,47.16,0.092,0.1378,nn,nn00730721,2020-08-08T18:17:48.040Z,"32 km ESE of Mina, Nevada",earthquake,,1.4,0.44,11,reviewed,nn,nn
2020-05-20T12:38:37.405Z,38.2073,-117.7592,5.71,4.3,ml,,71,0.136,1.13,us,us6000a0ze,2020-08-08T18:17:33.040Z,"36 km ESE of Mina, Nevada",earthquake,1.1,3,0.06,36,reviewed,us,us
2020-05-20T12:36:53.447Z,38.2012,-117.7453,11.7,5,ml,20,49.32,0.128,0.1674,nn,nn00729332,2020-08-09T10:22:23.139Z,"38 km ESE of Mina, Nevada",earthquake,,1.3,0.1,4,reviewed,nn,nn
2020-05-20T09:46:16.713Z,38.1351,-118.0676,7.1,4.1,ml,28,43.62,0.085,0.1304,nn,nn00729215,2021-02-16T21:29:17.287Z,"28 km S of Mina, Nevada",earthquake,0.53,0.8,0.25,9,reviewed,nn,nn
2020-05-20T03:13:49.191Z,38.1373,-118.0667,7.1,4,ml,19,43.51,0.085,0.1152,nn,nn00728954,2021-02-18T23:49:12.419Z,"28 km S of Mina, Nevada",earthquake,,1.3,0.5,5,reviewed,nn,nn
2020-05-19T22:12:45.639Z,38.1755,-117.8535,8.1,4.6,ml,23,47.6,0.091,0.1864,nn,nn00728819,2021-02-10T16:52:07.942Z,"32 km SE of Mina, Nevada",earthquake,,1.7,0.38,10,reviewed,nn,nn
2020-05-19T15:58:31.620Z,40.4538333,-124.562,23.64,4.17,mw,25,256,0.1727,0.14,nc,nc73390316,2020-08-24T12:07:28.053Z,"28km WNW of Petrolia, CA",earthquake,1.6,0.81,,3,reviewed,nc,nc
2020-05-19T10:58:43.114Z,38.1776,-117.7921,8.4,4,ml,25,57.33,0.121,0.1299,nn,nn00728633,2021-02-19T00:53:45.208Z,"36 km SE of Mina, Nevada",earthquake,,1,0.18,7,reviewed,nn,nn
2020-05-19T09:08:33.875Z,38.1782,-117.8017,10.5,4.3,ml,25,48.55,0.125,0.1638,nn,nn00728546,2021-02-11T17:49:06.854Z,"35 km SE of Mina, Nevada",earthquake,,0.8,0.33,7,reviewed,nn,nn
2020-05-18T02:19:08.415Z,38.1651,-118.0999,5.9,4.3,ml,26,42.25,0.114,0.1793,nn,nn00727712,2021-02-11T18:00:00.260Z,"25 km S of Mina, Nevada",earthquake,,2.5,0.39,12,reviewed,nn,nn
2020-05-17T21:47:44.646Z,38.1449,-118.0462,5,4.3,ml,27,43.03,0.069,0.1438,nn,nn00727575,2021-02-11T16:27:24.226Z,"27 km SSE of Mina, Nevada",earthquake,,1.2,0.35,8,reviewed,nn,nn
2020-05-17T21:17:02.474Z,38.1749,-117.8028,10.4,4.7,ml,24,46.81,0.056,0.1201,nn,nn00727561,2021-02-10T16:19:28.315Z,"35 km SE of Mina, Nevada",earthquake,,0.8,0.14,7,reviewed,nn,nn
2020-05-17T11:53:53.336Z,38.15,-117.9553,9.6,4.5,ml,26,51.9,0.012,0.2003,nn,nn00727244,2021-02-10T18:37:20.105Z,"29 km SSE of Mina, Nevada",earthquake,,0.8,0.5,9,reviewed,nn,nn
2020-05-17T08:28:48.506Z,38.1618,-117.8439,7.3,4.3,ml,22,47.6,0.094,0.1468,nn,nn00727120,2021-02-11T18:57:51.691Z,"34 km SE of Mina, Nevada",earthquake,,1.2,0.31,8,reviewed,nn,nn
2020-05-16T23:27:14.582Z,38.1425,-118.0327,4.7,4.4,ml,23,43.07,0.058,0.1244,nn,nn00726772,2021-02-10T19:56:30.719Z,"28 km SSE of Mina, Nevada",earthquake,,1,0.21,7,reviewed,nn,nn
2020-05-16T11:50:54.310Z,38.2118,-117.7347,16.8,4.6,ml,18,49.8,0.397,0.1743,nn,nn00726353,2021-02-10T17:41:27.152Z,"38 km ESE of Mina, Nevada",earthquake,,0.8,0.26,4,reviewed,nn,nn
2020-05-16T04:12:21.434Z,38.1313,-117.9756,5,4.6,ml,28,43.49,0.333,0.263,nn,nn00726009,2020-08-02T00:30:33.040Z,"31 km SSE of Mina, Nevada",earthquake,,1.4,0.46,10,reviewed,nn,nn
2020-05-15T22:46:30.266Z,38.1692,-117.8419,10.6,4.3,ml,21,45.85,0.361,0.1373,nn,nn00725777,2021-02-11T17:02:44.685Z,"33 km SE of Mina, Nevada",earthquake,,2.2,0.28,7,reviewed,nn,nn
2020-05-15T22:15:49.953Z,38.1518,-118.0136,5.4,4.3,ml,23,42.73,0.302,0.2603,nn,nn00725752,2021-02-10T22:11:40.041Z,"27 km SSE of Mina, Nevada",earthquake,,1.5,0.25,8,reviewed,nn,nn
2020-05-15T21:59:43.287Z,38.1656,-117.7984,6.1,4.2,ml,21,47.89,0.387,0.1841,nn,nn00725743,2021-02-11T22:07:19.334Z,"36 km SE of Mina, Nevada",earthquake,,2.6,0.33,6,reviewed,nn,nn
2020-05-15T18:10:32.484Z,38.1858,-117.8436,6.4,4.2,ml,14,49.17,0.348,0.1958,nn,nn00725563,2021-02-12T01:10:12.531Z,"32 km SE of Mina, Nevada",earthquake,,4.3,0.23,7,reviewed,nn,nn
2020-05-15T17:50:16.941Z,38.173,-117.8295,5.8,4.7,ml,15,48.44,0.365,0.1766,nn,nn00725546,2021-04-23T20:19:13.254Z,"34 km SE of Mina, Nevada",earthquake,,3.5,0.28,7,reviewed,nn,nn
2020-05-15T15:23:24.676Z,38.1667,-117.8006,7.6,4.8,ml,14,46.65,0.385,0.1628,nn,nn00725454,2020-08-02T00:31:20.040Z,"36 km SE of Mina, Nevada",earthquake,,4.3,0.32,6,reviewed,nn,nn
2020-05-15T13:51:37.151Z,38.1692,-117.9421,6.7,4.2,ml,21,90.57,0.312,0.198,nn,nn00725387,2021-02-11T23:47:41.018Z,"28 km SSE of Mina, Nevada",earthquake,,2.8,0.54,9,reviewed,nn,nn
2020-05-15T13:02:12.301Z,38.1663,-117.7952,7.6,4.3,ml,14,46.68,0.389,0.167,nn,nn00725345,2020-08-02T00:31:33.040Z,"37 km SE of Mina, Nevada",earthquake,,2.4,0.33,6,reviewed,nn,nn
2020-05-15T12:00:41.572Z,38.1667,-117.8104,6.3,4.5,ml,17,47.15,0.38,0.1735,nn,nn00725312,2020-08-02T00:31:39.040Z,"36 km SE of Mina, Nevada",earthquake,,2.8,0.33,9,reviewed,nn,nn
2020-05-15T11:52:07.184Z,38.1469,-117.9831,5.8,4.8,ml,17,43.51,0.316,0.1775,nn,nn00725306,2020-08-02T00:31:40.040Z,"29 km SSE of Mina, Nevada",earthquake,,2,0.4,8,reviewed,nn,nn
2020-05-15T11:30:16.409Z,38.1337,-117.9888,5.5,4,ml,18,46.72,0.327,0.1651,nn,nn00725296,2020-08-02T00:31:42.040Z,"30 km SSE of Mina, Nevada",earthquake,,2.9,0.43,9,reviewed,nn,nn
2020-05-15T11:26:01.747Z,38.1811,-117.8711,6.8,5.1,ml,18,49,0.337,0.2335,nn,nn00725291,2020-08-02T00:31:42.040Z,"31 km SE of Mina, Nevada",earthquake,,8.6,0.42,10,reviewed,nn,nn
2020-05-15T11:18:12.392Z,38.1596,-117.9598,3.8,4.9,ml,14,47.97,0.314,0.178,nn,nn00725284,2020-08-02T00:31:44.040Z,"28 km SSE of Mina, Nevada",earthquake,,4.3,0.43,6,reviewed,nn,nn
2020-05-15T11:12:37.268Z,38.2029,-117.8787,6.7,4,ml,13,83.09,0.316,0.2601,nn,nn00725279,2020-08-02T00:31:45.040Z,"28 km SE of Mina, Nevada",earthquake,,3.6,0.25,3,reviewed,nn,nn
2020-05-15T11:09:09.140Z,38.1406,-117.9952,10.8,4.1,ml,10,84.4,0.318,0.1526,nn,nn00725277,2020-08-02T00:31:45.040Z,"29 km SSE of Mina, Nevada",earthquake,,1.8,0.03,2,reviewed,nn,nn
2020-05-15T11:03:27.176Z,38.1689,-117.8497,2.7,6.5,ml,27,55.79,0.357,0.2669,nn,nn00725272,2026-02-07T06:51:51.057Z,"Monte Cristo Range, NV Earthquake",earthquake,,2.1,,,reviewed,nn,nn
2020-05-10T22:07:40.370Z,33.0183333,-116.0201667,10.16,4.54,mw,141,21,0.138,0.27,ci,ci38488354,2025-04-13T23:07:20.459Z,"17km SE of Ocotillo Wells, CA",earthquake,0.14,0.48,,6,reviewed,ci,ci
2020-04-27T03:46:00.410Z,35.6738333,-117.4963333,8.76,4,mw,81,40,0.1368,0.18,ci,ci39406880,2020-07-11T22:19:10.040Z,"13km SW of Searles Valley, CA",earthquake,0.11,0.36,,6,reviewed,ci,ci
2020-04-21T05:13:31.300Z,38.0443333,-118.7553333,6.84,4.01,mw,52,95,0.2858,0.06,nc,nc73374265,2020-07-09T14:31:39.040Z,"29km SE of Bodie, CA",earthquake,0.23,1.65,,4,reviewed,nc,nc
2020-04-11T21:36:45.620Z,38.0468333,-118.7513333,6.34,4.03,mw,59,90,0.2818,0.09,nc,nc73368095,2020-06-30T14:02:59.040Z,"29km SE of Bodie, CA",earthquake,0.2,1.65,,4,reviewed,nc,nc
2020-04-11T16:22:50.940Z,38.0421667,-118.758,8.94,4.57,mw,62,89,0.2888,0.1,nc,nc73367575,2021-03-05T23:34:53.941Z,"29km SE of Bodie, CA",earthquake,0.19,1.08,,4,reviewed,nc,nc
2020-04-11T14:36:37.040Z,38.0525,-118.7333333,8.45,5.24,mw,46,97,0.268,0.06,nc,nc73367270,2025-12-22T18:32:23.329Z,"30km SE of Bodie, CA",earthquake,0.21,1.15,,4,reviewed,nc,nc
2020-04-05T19:20:46.230Z,37.5271667,-118.8526667,7.82,4.05,mw,42,89,0.06548,0.05,nc,nc73364330,2020-06-26T12:03:50.594Z,"16km WSW of Toms Place, CA",earthquake,0.21,0.49,,4,reviewed,nc,nc
2020-04-04T01:53:18.920Z,33.4895,-116.5063333,10.45,4.87,mw,175,23,0.07088,0.22,ci,ci39126079,2026-01-20T05:45:37.767Z,"17km ESE of Anza, CA",earthquake,0.1,0.27,,6,reviewed,ci,ci
2020-03-25T11:57:38.000Z,38.7903333,-122.765,2.15,4.06,mw,104,48,0.01108,0.08,nc,nc73358970,2020-06-13T18:44:54.040Z,"2km NNW of The Geysers, CA",earthquake,0.09,0.16,,3,reviewed,nc,nc
2020-03-23T05:53:57.260Z,35.9555,-117.363,0.94,4.32,mw,40,52,0.09128,0.18,ci,ci39111991,2020-06-06T20:54:09.040Z,"21km N of Searles Valley, CA",earthquake,0.16,0.37,,6,reviewed,ci,ci
2020-03-21T01:33:35.369Z,39.1112,-119.7361,8.4,4.5,ml,31,28.07,0.029,0.1334,nn,nn00719663,2024-12-10T02:58:08.834Z,"5 km NE of Indian Hills, Nevada",earthquake,,1.2,0.38,5,reviewed,nn,nn
2020-03-18T22:08:20.920Z,40.3475,-124.4561667,28.61,5.21,mw,34,248,0.105,0.16,nc,nc73355700,2025-12-22T18:31:18.279Z,"15km W of Petrolia, CA",earthquake,0.78,0.55,,5,reviewed,nc,nc
2020-03-13T22:37:29.787Z,37.5417,-117.7428,5.8,4,ml,16,34.16,0.252,0.1742,nn,nn00718984,2020-05-30T22:17:06.040Z,"25 km SSW of Silver Peak, Nevada",earthquake,,2.2,0.53,6,reviewed,nn,nn
2020-02-01T18:36:54.340Z,37.5891667,-118.8216667,9.78,4.41,mw,41,96,0.005974,0.05,nc,nc73334451,2020-04-18T22:10:10.040Z,"13km WNW of Toms Place, CA",earthquake,0.22,0.28,,5,reviewed,nc,nc
2020-01-25T03:03:34.920Z,35.0975,-116.9696667,3.07,4.62,mw,46,33,0.2228,0.14,ci,ci39281440,2024-10-14T20:45:23.960Z,"23km NNE of Barstow, CA",earthquake,0.14,0.66,,6,reviewed,ci,ci
2020-01-02T10:13:00.020Z,33.9173333,-119.2283333,5.94,4.03,mw,80,150,0.2607,0.29,ci,ci39020663,2024-10-16T23:37:53.000Z,"26km S of Port Hueneme, CA",earthquake,0.41,31.61,,6,reviewed,ci,ci
2019-12-19T15:30:12.980Z,40.2758333,-124.3633333,21.4,4.06,mw,28,231,0.02026,0.07,nc,nc73316566,2020-03-07T17:47:35.040Z,"9km SW of Petrolia, CA",earthquake,0.55,0.18,,4,reviewed,nc,nc
2019-12-17T18:29:21.030Z,35.8058333,-120.356,6.25,4.29,mw,78,45,0.02666,0.08,nc,nc73315876,2022-05-23T21:53:25.623Z,"11km NNW of Cholame, CA",earthquake,0.12,0.22,,8,reviewed,nc,nc
2019-11-03T20:34:57.030Z,38.775,-122.767,3.12,4.15,mw,67,34,0.03966,0.13,nc,nc73300395,2020-01-18T20:00:57.040Z,"1km WSW of The Geysers, CA",earthquake,0.13,0.46,,4,reviewed,nc,nc
2019-10-15T19:42:30.540Z,36.6455,-121.274,10.1,4.71,mw,89,54,0.04759,0.14,nc,nc73292360,2022-03-17T21:17:41.666Z,"17km SSE of Tres Pinos, CA",earthquake,0.15,0.31,,4,reviewed,nc,nc
2019-10-15T05:33:42.810Z,37.938,-122.057,13.97,4.46,mw,148,22,0.0205,0.1,nc,nc73291880,2025-09-22T11:19:13.511Z,"1km SSE of Pleasant Hill, CA",earthquake,0.1,0.18,,4,reviewed,nc,nc
2019-09-10T04:25:55.631Z,39.5419,-116.5599,9.1,4.6,ml,53,67.17,0.857,0.2275,nn,nn00703188,2019-12-05T18:30:53.040Z,"44 km E of Austin, Nevada",earthquake,,2.2,0.27,23,reviewed,nn,nn
2019-08-23T05:34:09.740Z,35.9078333,-117.7046667,7.14,4.33,mw,82,20,0.005992,0.18,ci,ci38999296,2021-10-07T19:25:42.120Z,"18km E of Little Lake, CA",earthquake,0.11,0.28,,6,reviewed,ci,ci
2019-08-22T20:49:50.180Z,35.9076667,-117.709,4.93,4.89,mw,78,20,0.007928,0.2,ci,ci38996632,2025-12-22T18:21:46.761Z,"18km E of Little Lake, CA",earthquake,0.12,0.28,,6,reviewed,ci,ci
2019-07-26T00:42:47.770Z,35.9258333,-117.7066667,3.79,4.74,mw,79,23,0.05071,0.16,ci,ci38644943,2021-10-05T21:47:07.220Z,"18km E of Little Lake, CA",earthquake,0.1,0.28,,6,reviewed,ci,ci
2019-07-23T07:45:02.530Z,35.625,-117.4266667,5.51,4.15,mw,101,25,0.04011,0.16,ci,ci38628799,2021-10-05T21:30:23.150Z,"16km S of Searles Valley, CA",earthquake,0.09,0.19,,6,reviewed,ci,ci
2019-07-22T16:26:56.070Z,33.9966667,-116.045,8.23,4.2,mw,146,34,0.1088,0.16,ci,ci38624623,2024-08-07T11:10:46.533Z,"16km S of Twentynine Palms, CA",earthquake,0.09,0.3,,6,reviewed,ci,ci
2019-07-18T03:59:14.720Z,36.113,-117.8875,1.56,4.64,mw,78,54,0.02682,0.18,ci,ci38593535,2021-10-06T19:26:39.990Z,"9km NE of Coso Junction, CA",earthquake,0.12,0.26,,6,reviewed,ci,ci
2019-07-17T02:29:07.380Z,36.116,-117.884,5.3,4.37,mw,77,53,0.02365,0.19,ci,ci38585023,2021-09-23T20:46:17.110Z,"10km NE of Coso Junction, CA",earthquake,0.12,0.3,,6,reviewed,ci,ci
2019-07-16T20:15:36.780Z,35.7836667,-117.6143333,3.56,4.47,mw,89,31,0.0348,0.2,ci,ci38583335,2021-09-01T22:55:47.480Z,"19km NNE of Ridgecrest, CA",earthquake,0.11,0.29,,6,reviewed,ci,ci
2019-07-16T20:11:01.470Z,37.8186667,-121.7568333,12.38,4.31,mw,136,75,0.03726,0.14,nc,nc73225421,2020-07-02T08:55:30.238Z,"12km WSW of Byron, CA",earthquake,0.17,0.29,,4,reviewed,nc,nc
2019-07-15T08:38:45.240Z,36.056,-117.8506667,2.26,4.21,mw,74,52,0.05794,0.16,ci,ci38572055,2021-08-20T22:01:48.280Z,"9km E of Coso Junction, CA",earthquake,0.11,0.18,,4,reviewed,ci,ci
2019-07-12T13:11:37.990Z,35.6368333,-117.5861667,9.48,4.9,mw,103,16,0.02027,0.16,ci,ci38548295,2021-08-16T20:18:35.990Z,"8km ENE of Ridgecrest, CA",earthquake,0.09,0.18,,6,reviewed,ci,ci
2019-07-11T23:45:18.670Z,35.95,-117.703,4.32,4.14,mw,78,33,0.04275,0.18,ci,ci38538991,2021-12-10T19:12:07.000Z,"18km E of Little Lake, CA",earthquake,0.11,0.23,,6,reviewed,ci,ci
2019-07-11T07:04:05.960Z,36.1793333,-117.883,1.46,4.02,mw,71,51,0.0657,0.19,ci,ci38529591,2022-03-19T23:49:27.331Z,"16km SE of Olancha, CA",earthquake,0.13,0.34,,6,reviewed,ci,ci
2019-07-11T04:10:01.370Z,36.0563333,-117.8488333,2.07,4.3,mw,73,52,0.05905,0.16,ci,ci38527863,2021-12-08T21:45:26.863Z,"9km E of Coso Junction, CA",earthquake,0.11,0.17,,6,reviewed,ci,ci
2019-07-11T00:15:39.220Z,36.1536667,-117.8763333,2.11,4.37,mw,68,52,0.03999,0.19,ci,ci38525215,2021-12-08T21:55:31.320Z,"14km NNE of Coso Junction, CA",earthquake,0.14,0.23,,4,reviewed,ci,ci
2019-07-11T00:14:37.320Z,36.1766667,-117.884,0.93,4.52,mw,71,51,0.06351,0.17,ci,ci38525207,2021-12-08T21:44:21.960Z,"16km NNE of Coso Junction, CA",earthquake,0.11,0.22,,6,reviewed,ci,ci
2019-07-10T20:09:51.950Z,35.6646667,-117.5248333,9.19,4.17,mw,84,18,0.05577,0.17,ci,ci38522647,2021-12-08T21:47:27.300Z,"14km ENE of Ridgecrest, CA",earthquake,0.12,0.25,,4,reviewed,ci,ci
2019-07-10T18:49:01.420Z,36.1661667,-117.8825,1.12,4.09,mw,67,52,0.0534,0.16,ci,ci38521799,2021-12-08T22:34:39.730Z,"15km NNE of Coso Junction, CA",earthquake,0.12,0.21,,4,reviewed,ci,ci
2019-07-10T12:28:56.960Z,36.0495,-117.8566667,1.91,4.18,mw,66,53,0.04984,0.16,ci,ci38517471,2021-12-14T18:18:25.122Z,"8km E of Coso Junction, CA",earthquake,0.11,0.16,,6,reviewed,ci,ci
2019-07-10T00:48:17.580Z,36.0571667,-117.8471667,1.69,4.07,mw,64,51,0.0605,0.16,ci,ci38509663,2021-12-01T23:44:14.940Z,"9km E of Coso Junction, CA",earthquake,0.12,0.19,,6,reviewed,ci,ci
2019-07-07T11:22:16.240Z,35.8056667,-117.594,10.06,4.16,mw,50,43,0.01045,0.16,ci,ci38475431,2022-10-27T17:48:20.284Z,"18km WNW of Searles Valley, CA",earthquake,0.13,0.28,,6,reviewed,ci,ci
2019-07-07T05:38:15.480Z,35.7683333,-117.5781667,10.45,4.53,mw,77,44,0.04985,0.16,ci,ci38472279,2021-11-09T22:57:42.940Z,"16km W of Searles Valley, CA",earthquake,0.12,0.26,,6,reviewed,ci,ci
2019-07-06T23:50:41.990Z,35.8235,-117.663,6.51,4.5,mw,69,28,0.05379,0.14,ci,ci38469375,2019-09-26T14:30:48.040Z,"23km N of Ridgecrest, CA",earthquake,0.11,0.3,,6,reviewed,ci,ci
2019-07-06T16:36:05.820Z,35.5705,-117.523,10.05,4.14,mw,58,37,0.05207,0.17,ci,ci38465703,2019-11-19T23:27:35.269Z,"15km ESE of Ridgecrest, CA",earthquake,0.15,0.35,,6,reviewed,ci,ci
2019-07-06T13:06:55.260Z,35.9283333,-117.705,2.37,4.5,mw,64,34,0.04844,0.16,ci,ci38463551,2019-09-26T14:30:42.040Z,"18km E of Little Lake, CA",earthquake,0.12,0.21,,6,reviewed,ci,ci
2019-07-06T11:53:08.090Z,35.8953333,-117.7336667,2.1,4.12,mw,53,35,0.08557,0.14,ci,ci38462679,2019-09-26T14:30:41.040Z,"16km ESE of Little Lake, CA",earthquake,0.11,0.19,,6,reviewed,ci,ci
2019-07-06T10:48:24.460Z,35.5785,-117.372,5.6,4.04,mw,58,27,0.05378,0.14,ci,ci38461879,2021-01-26T21:48:24.725Z,"21km S of Trona, CA",earthquake,0.14,0.36,,6,reviewed,ci,ci
2019-07-06T09:30:41.240Z,35.9098333,-117.7323333,4.15,4.49,mw,64,36,0.0766,0.13,ci,ci38460983,2019-09-26T14:30:38.040Z,"16km E of Little Lake, CA",earthquake,0.09,0.24,,6,reviewed,ci,ci
2019-07-06T09:29:20.970Z,35.8811667,-117.7175,5.5,4.41,mlr,59,35,0.08204,0.15,ci,ci38460975,2020-03-11T00:32:36.775Z,"18km ESE of Little Lake, CA",earthquake,0.11,0.4,0.246,35,reviewed,ci,ci
2019-07-06T09:28:41.790Z,35.887,-117.7168333,4.78,4.24,mlr,25,64,0.08126,0.16,ci,ci37258076,2020-03-10T22:18:04.083Z,"18km ESE of Little Lake, CA",earthquake,0.19,0.45,0.119,14,reviewed,ci,ci
2019-07-06T09:28:28.980Z,35.898,-117.7271667,3.95,4.89,mw,67,37,0.0896,0.16,ci,ci38460967,2025-12-22T18:17:38.659Z,"17km ESE of Little Lake, CA",earthquake,0.13,0.38,,6,reviewed,ci,ci
2019-07-06T08:32:57.550Z,35.639,-117.4913333,3.14,4.56,mw,83,24,0.05751,0.15,ci,ci38460311,2019-09-26T14:30:37.040Z,"16km SSW of Searles Valley, CA",earthquake,0.11,0.27,,6,reviewed,ci,ci
2019-07-06T06:34:47.410Z,35.8926667,-117.7248333,8.17,4.05,mlr,58,36,0.09001,0.14,ci,ci38458999,2019-09-26T14:30:33.040Z,"17km ESE of Little Lake, CA",earthquake,0.1,0.28,0.132,40,reviewed,ci,ci
2019-07-06T06:12:52.000Z,35.5813333,-117.3751667,5.45,4.27,mlr,55,42,0.05692,0.15,ci,ci38458759,2019-10-09T00:37:30.144Z,"20km S of Trona, CA",earthquake,0.15,0.43,0.19,25,reviewed,ci,ci
2019-07-06T06:01:51.800Z,35.911,-117.7385,4.99,4.63,mw,67,36,0.07482,0.14,ci,ci38458679,2019-11-15T18:54:44.787Z,"15km E of Little Lake, CA",earthquake,0.09,0.4,,4,reviewed,ci,ci
2019-07-06T05:58:17.570Z,35.9323333,-117.6916667,1.86,4.15,mlr,42,34,0.07309,0.17,ci,ci38458655,2019-09-26T14:30:32.040Z,"19km E of Little Lake, CA",earthquake,0.15,0.27,0.216,25,reviewed,ci,ci
2019-07-06T05:25:04.870Z,35.833,-117.6775,3.43,4.29,mlr,72,23,0.06725,0.14,ci,ci38458375,2022-06-21T05:28:58.225Z,"24km N of Ridgecrest, CA",earthquake,0.09,0.3,0.128,189,reviewed,ci,ci
2019-07-06T04:58:36.690Z,35.7073333,-117.5706667,2.9,4.03,mlr,52,43,0.1104,0.15,ci,ci38458143,2019-11-15T18:43:19.009Z,"14km NE of Ridgecrest, CA",earthquake,0.12,0.33,0.176,48,reviewed,ci,ci
2019-07-06T04:52:17.710Z,35.8773333,-117.6945,3.32,4.47,mlr,62,39,0.08933,0.17,ci,ci38458079,2019-09-26T14:30:29.040Z,"20km ESE of Little Lake, CA",earthquake,0.11,0.37,0.199,38,reviewed,ci,ci
2019-07-06T04:40:15.980Z,35.6428333,-117.4456667,2.88,4.24,mlr,43,67,0.0578,0.15,ci,ci38457983,2019-09-26T14:30:27.040Z,"14km SSW of Searles Valley, CA",earthquake,0.15,0.28,0.16,29,reviewed,ci,ci
2019-07-06T04:37:13.570Z,35.91,-117.7453333,8.01,4.33,mlr,24,48,0.07067,0.11,ci,ci37224964,2019-09-09T19:30:50.611Z,"15km ESE of Little Lake, CA",earthquake,0.16,0.4,0.109,13,reviewed,ci,ci
2019-07-06T04:36:55.310Z,35.9,-117.7376667,1.9,4.85,mw,62,35,0.08153,0.17,ci,ci38457967,2020-03-05T21:00:31.509Z,"16km ESE of Little Lake, CA",earthquake,0.13,0.21,,5,reviewed,ci,ci
2019-07-06T04:21:35.820Z,35.7786667,-117.6121667,2.59,4.17,mlr,41,53,0.03887,0.17,ci,ci38457871,2019-09-26T14:29:59.040Z,"18km NNE of Ridgecrest, CA",earthquake,0.15,0.24,0.19,66,reviewed,ci,ci
2019-07-06T04:19:56.010Z,35.5808333,-117.4041667,5.18,4.01,mlr,7,201,0.04764,0.08,ci,ci38457863,2020-04-04T06:49:56.468Z,"20km S of Trona, CA",earthquake,0.47,0.36,0.066,3,reviewed,ci,ci
2019-07-06T04:19:15.480Z,35.785,-117.6175,10.63,4.29,mlr,17,115,0.03471,0.1,ci,ci37221932,2020-03-04T00:08:20.747Z,"19km NNE of Ridgecrest, CA",earthquake,0.21,0.33,0.079,6,reviewed,ci,ci
2019-07-06T04:18:55.790Z,35.9101667,-117.6848333,7.41,5.44,mw,66,37,0.07213,0.17,ci,ci38457847,2025-12-22T18:14:34.556Z,"20km E of Little Lake, CA",earthquake,0.12,0.36,,6,reviewed,ci,ci
2019-07-06T04:13:07.080Z,35.5846667,-117.6145,9.73,4.8,mlr,62,32,0.1185,0.18,ci,ci38457815,2019-11-15T18:23:14.307Z,"7km SE of Ridgecrest, CA",earthquake,0.13,0.36,0.165,229,reviewed,ci,ci
2019-07-06T04:07:04.570Z,35.5551667,-117.5215,5.5,4.68,mlr,90,24,0.05757,0.23,ci,ci38457775,2020-03-02T22:19:38.728Z,"16km ESE of Ridgecrest, CA",earthquake,0.13,0.51,0.219,249,reviewed,ci,ci
2019-07-06T03:57:50.900Z,35.869,-117.6613333,7.21,4.31,mlr,38,43,0.07425,0.14,ci,ci37421229,2019-09-26T14:30:25.040Z,"23km ESE of Little Lake, CA",earthquake,0.15,0.38,0.116,91,reviewed,ci,ci
2019-07-06T03:55:20.020Z,35.9055,-117.6875,8.43,4.06,mlr,42,37,0.05194,0.16,ci,ci38457735,2019-11-15T18:14:31.751Z,"20km E of Little Lake, CA",earthquake,0.14,0.34,0.134,34,reviewed,ci,ci
2019-07-06T03:50:59.710Z,35.9035,-117.7001667,8.26,4.97,mlr,43,38,0.05997,0.17,ci,ci38457703,2019-11-15T18:09:02.473Z,"19km E of Little Lake, CA",earthquake,0.16,0.41,0.184,246,reviewed,ci,ci
2019-07-06T03:47:53.420Z,35.9011667,-117.7495,5.04,5.5,mw,49,33,0.07334,0.16,ci,ci38457687,2025-12-22T18:17:37.984Z,"15km ESE of Little Lake, CA",earthquake,0.13,0.5,,4,reviewed,ci,ci
2019-07-06T03:46:26.870Z,35.6805,-117.4703333,6.85,4.26,mlr,38,65,0.09403,0.17,ci,ci38457679,2022-09-24T01:13:37.364Z,"11km SSW of Searles Valley, CA",earthquake,0.18,0.6,0.123,20,reviewed,ci,ci
2019-07-06T03:36:16.460Z,35.9028333,-117.7338333,7.27,4.35,mlr,65,37,0.0813,0.19,ci,ci38457615,2019-11-15T17:55:07.243Z,"16km ESE of Little Lake, CA",earthquake,0.15,0.39,0.122,194,reviewed,ci,ci
2019-07-06T03:35:05.420Z,35.6521667,-117.4668333,1.97,4.09,mlr,32,65,0.06563,0.24,ci,ci38457607,2022-09-24T01:08:53.678Z,"14km SSW of Searles Valley, CA",earthquake,0.26,0.42,0.217,54,reviewed,ci,ci
2019-07-06T03:33:39.450Z,35.726,-117.5613333,11.09,4.01,mlr,12,89,0.09426,0.19,ci,ci37219708,2019-08-15T01:15:59.040Z,"15km WSW of Searles Valley, CA",earthquake,0.36,0.67,0.234,7,reviewed,ci,ci
2019-07-06T03:33:20.200Z,35.624,-117.4861667,10.99,4.08,mlr,19,68,0.04221,0.2,ci,ci37219700,2021-07-14T21:50:25.733Z,"17km E of Ridgecrest, CA",earthquake,0.31,0.53,0.198,17,reviewed,ci,ci
2019-07-06T03:32:46.660Z,35.8903333,-117.7303333,6.15,4.17,mlr,23,52,0.08667,0.2,ci,ci38457599,2019-11-15T17:49:08.308Z,"17km ESE of Little Lake, CA",earthquake,0.3,0.8,0.145,17,reviewed,ci,ci
2019-07-06T03:30:25.050Z,35.5566667,-117.3581667,8.71,4.49,mlr,52,31,0.03207,0.2,ci,ci38457591,2019-11-15T17:44:42.861Z,"23km S of Trona, CA",earthquake,0.17,0.36,0.164,126,reviewed,ci,ci
2019-07-06T03:29:32.080Z,35.9028333,-117.7115,3.18,4.51,mlr,27,42,0.06696,0.15,ci,ci38457583,2019-11-15T17:37:47.310Z,"18km ESE of Little Lake, CA",earthquake,0.2,0.6,0.191,15,reviewed,ci,ci
2019-07-06T03:29:28.840Z,35.7325,-117.5088333,7.03,4.07,mlr,8,167,0.11,0.19,ci,ci37219604,2019-08-08T21:19:57.040Z,"10km WSW of Searles Valley, CA",earthquake,0.68,1.63,0.381,3,reviewed,ci,ci
2019-07-06T03:29:15.860Z,35.8656667,-117.6526667,15.11,4.01,mlr,18,104,0.06701,0.23,ci,ci38457575,2019-08-08T22:38:11.040Z,"24km ESE of Little Lake, CA",earthquake,0.47,0.94,0.129,16,reviewed,ci,ci
2019-07-06T03:29:10.290Z,35.6566667,-117.4465,2.23,4.02,mlr,10,94,0.07117,0.23,ci,ci37219596,2019-08-08T22:17:12.040Z,"13km SSW of Searles Valley, CA",earthquake,0.48,0.71,0.117,5,reviewed,ci,ci
2019-07-06T03:28:46.550Z,35.9025,-117.7221667,4.76,4.19,mlr,32,39,0.07381,0.18,ci,ci38457559,2022-09-24T01:06:55.959Z,"17km ESE of Little Lake, CA",earthquake,0.18,0.38,0.124,34,reviewed,ci,ci
2019-07-06T03:28:12.340Z,35.8411667,-117.6598333,11.45,4.09,mlr,20,84,0.05665,0.2,ci,ci37219580,2021-02-19T19:17:37.841Z,"24km WNW of Searles Valley, CA",earthquake,0.38,0.74,0.11,17,reviewed,ci,ci
2019-07-06T03:28:00.730Z,35.9106667,-117.7316667,8.16,4.09,mlr,25,44,0.07572,0.1,ci,ci38457551,2019-11-15T17:31:21.197Z,"16km E of Little Lake, CA",earthquake,0.16,0.37,0.088,13,reviewed,ci,ci
2019-07-06T03:27:36.260Z,35.8895,-117.6975,7.85,4.03,mlr,22,47,0.06971,0.12,ci,ci37219572,2020-02-21T18:21:50.862Z,"20km ESE of Little Lake, CA",earthquake,0.16,0.52,0.109,15,reviewed,ci,ci
2019-07-06T03:27:11.370Z,35.5303333,-117.4313333,3.83,4.57,mlr,7,119,0.05475,0.1,ci,ci37219564,2019-09-06T17:32:11.137Z,"24km ESE of Ridgecrest, CA",earthquake,0.31,0.41,0.05,2,reviewed,ci,ci
2019-07-06T03:27:07.010Z,35.9138333,-117.7258333,8,4.5,mlr,27,56,0.07004,0.18,ci,ci37219180,2019-09-26T14:30:30.040Z,"16km E of Little Lake, CA",earthquake,0.27,0.56,0.181,20,reviewed,ci,ci
2019-07-06T03:26:51.990Z,35.8875,-117.6495,10.86,4.09,mlr,19,111,0.06028,0.16,ci,ci37219556,2019-08-08T22:14:11.040Z,"24km ESE of Little Lake, CA",earthquake,0.3,0.44,0.141,12,reviewed,ci,ci
2019-07-06T03:26:04.010Z,35.8331667,-117.6451667,8.1,4.02,mlr,29,48,0.04245,0.2,ci,ci37219540,2019-08-08T22:12:09.040Z,"23km WNW of Searles Valley, CA",earthquake,0.26,0.63,0.145,17,reviewed,ci,ci
2019-07-06T03:25:27.970Z,35.8606667,-117.6708333,10.32,4.61,mlr,37,43,0.07456,0.2,ci,ci37219172,2019-09-26T14:30:25.040Z,"23km ESE of Little Lake, CA",earthquake,0.22,0.39,0.126,30,reviewed,ci,ci
2019-07-06T03:24:33.520Z,35.8911667,-117.6755,7.42,4.07,mlr,9,86,0.06017,0.17,ci,ci37219516,2021-02-19T19:17:40.687Z,"21km ESE of Little Lake, CA",earthquake,0.52,1.25,0.052,8,reviewed,ci,ci
2019-07-06T03:24:22.370Z,35.9018333,-117.7273333,5.3,4.19,mlr,26,38,0.07755,0.18,ci,ci38457535,2019-08-07T23:28:15.040Z,"17km ESE of Little Lake, CA",earthquake,0.22,0.83,0.156,18,reviewed,ci,ci
2019-07-06T03:23:50.720Z,35.8031667,-117.6178333,11.44,4.84,mlr,39,54,0.02074,0.23,ci,ci37219164,2019-11-15T17:26:02.971Z,"20km WNW of Searles Valley, CA",earthquake,0.26,0.53,0.174,52,reviewed,ci,ci
2019-07-06T03:23:34.710Z,35.5685,-117.5165,10.82,4.22,mlr,9,129,0.04777,0.12,ci,ci37219476,2019-08-08T22:10:58.040Z,"16km ESE of Ridgecrest, CA",earthquake,0.39,0.3,0.383,5,reviewed,ci,ci
2019-07-06T03:23:29.560Z,35.8778333,-117.724,6.14,4,mlr,9,255,0.09198,0.11,ci,ci37260316,2020-02-20T19:25:12.744Z,"18km ESE of Little Lake, CA",earthquake,0.55,1.09,0.044,5,reviewed,ci,ci
2019-07-06T03:23:19.870Z,35.861,-117.6778333,6.82,4.52,mlr,13,85,0.07937,0.24,ci,ci37219468,2019-08-08T22:10:14.040Z,"22km ESE of Little Lake, CA",earthquake,0.47,1.03,0.143,6,reviewed,ci,ci
2019-07-06T03:22:48.300Z,35.891,-117.7365,9.1,4.64,mlr,29,34,0.08543,0.16,ci,ci37219156,2019-11-15T17:17:41.338Z,"16km ESE of Little Lake, CA",earthquake,0.2,0.43,0.12,21,reviewed,ci,ci
2019-07-06T03:22:35.630Z,35.6166667,-117.4301667,9.35,4.73,mlr,7,180,0.03984,0.14,ci,ci37219500,2021-02-19T19:17:42.104Z,"17km S of Searles Valley, CA",earthquake,0.66,0.69,0.035,3,reviewed,ci,ci
2019-07-06T03:22:27.160Z,35.6171667,-117.4275,8.45,4.46,mlr,7,174,0.04167,0.16,ci,ci37219492,2019-08-08T22:09:44.040Z,"17km S of Searles Valley, CA",earthquake,0.58,0.88,0.067,4,reviewed,ci,ci
2019-07-06T03:22:17.100Z,35.748,-117.5456667,3.9,4.55,mlr,22,70,0.07966,0.2,ci,ci37219484,2019-08-08T22:07:42.040Z,"13km W of Searles Valley, CA",earthquake,0.28,0.72,0.199,14,reviewed,ci,ci
2019-07-06T03:22:03.570Z,35.9216667,-117.729,8.17,4.64,mlr,21,52,0.06897,0.15,ci,ci38457519,2019-11-15T17:23:05.605Z,"16km E of Little Lake, CA",earthquake,0.25,0.54,0.148,13,reviewed,ci,ci
2019-07-06T03:21:19.190Z,35.5423333,-117.5053333,5.6,4.15,mlr,4,183,0.05638,0.06,ci,ci37260300,2020-02-19T23:17:27.113Z,"18km ESE of Ridgecrest, CA",earthquake,1.54,2.09,0.005,2,reviewed,ci,ci
2019-07-06T03:21:10.050Z,35.8306667,-117.6601667,5.86,4.33,mlr,15,103,0.05305,0.21,ci,ci37222204,2020-02-19T23:11:11.614Z,"23km N of Ridgecrest, CA",earthquake,0.44,1.24,0.144,5,reviewed,ci,ci
2019-07-06T03:20:41.140Z,35.9496667,-117.7376667,9.28,4.81,mlr,13,93,0.06493,0.09,ci,ci37222196,2019-08-15T20:09:34.004Z,"15km E of Little Lake, CA",earthquake,0.23,0.45,0.162,11,reviewed,ci,ci
2019-07-06T03:20:36.080Z,36.0068333,-117.8525,13.93,4.33,mlr,4,163,0.03074,0.22,ci,ci37222188,2019-08-15T20:10:48.498Z,"9km NNE of Little Lake, CA",earthquake,2,1.25,0.095,4,reviewed,ci,ci
2019-07-06T03:19:53.040Z,35.7695,-117.5993333,8,7.1,mw,77,43,0.04616,0.22,ci,ci38457511,2026-02-05T04:46:45.976Z,"Ridgecrest Earthquake Sequence",earthquake,0.19,31.61,0.028,126,reviewed,ci,ci
2019-07-06T03:17:13.500Z,35.7453333,-117.5608333,6.5,4.14,ml,27,68,0.07632,0.15,ci,ci37257780,2020-02-06T19:48:24.565Z,"14km W of Searles Valley, CA",earthquake,0.21,0.57,0.095,15,reviewed,ci,ci
2019-07-06T03:16:32.480Z,35.7253333,-117.5535,0.88,4.97,mw,83,35,0.09705,0.19,ci,ci38457487,2020-04-05T23:26:37.030Z,"14km WSW of Searles Valley, CA",earthquake,0.13,0.31,,6,reviewed,ci,ci
2019-07-05T12:38:30.020Z,35.7716667,-117.5706667,6.82,4.09,mw,73,44,0.0491,0.14,ci,ci38451079,2019-11-15T17:04:55.384Z,"15km W of Searles Valley, CA",earthquake,0.12,0.34,,6,reviewed,ci,ci
2019-07-05T11:07:53.040Z,35.7603333,-117.575,6.95,5.37,mw,79,43,0.05824,0.2,ci,ci38450263,2025-12-22T18:12:44.702Z,"16km W of Searles Valley, CA",earthquake,0.13,0.36,,6,reviewed,ci,ci
2019-07-05T00:32:06.670Z,35.7033333,-117.4828333,1,4.02,mw,68,23,0.1178,0.14,ci,ci38446071,2020-05-21T01:07:37.714Z,"10km SW of Searles Valley, CA",earthquake,0.1,0.24,,6,reviewed,ci,ci
2019-07-05T00:18:01.410Z,35.7718333,-117.6178333,2.59,4.04,mw,67,43,0.04682,0.14,ci,ci38445975,2019-09-26T14:30:14.040Z,"18km NNE of Ridgecrest, CA",earthquake,0.1,0.24,,6,reviewed,ci,ci
2019-07-04T23:34:02.380Z,35.6011667,-117.6106667,4.75,4.04,mw,52,54,0.1219,0.24,ci,ci38445703,2020-05-21T01:06:51.063Z,"6km ESE of Ridgecrest, CA",earthquake,0.23,0.84,,4,reviewed,ci,ci
2019-07-04T22:12:08.490Z,35.7463333,-117.5636667,5.76,4.43,mw,74,44,0.07452,0.15,ci,ci38445087,2020-02-18T22:37:59.513Z,"15km W of Searles Valley, CA",earthquake,0.1,0.42,,6,reviewed,ci,ci
2019-07-04T19:56:00.500Z,35.6623333,-117.524,1.49,4.16,mw,81,23,0.09089,0.18,ci,ci38444103,2019-09-26T14:30:12.040Z,"14km ENE of Ridgecrest, CA",earthquake,0.1,0.26,,6,reviewed,ci,ci
2019-07-04T19:21:32.090Z,35.6715,-117.4788333,5.16,4.5,mw,79,24,0.08589,0.16,ci,ci38443871,2019-09-26T14:30:12.040Z,"13km SSW of Searles Valley, CA",earthquake,0.12,0.39,,4,reviewed,ci,ci
2019-07-04T18:56:22.030Z,35.7086667,-117.5541667,1.16,4.21,mlr,18,89,0.1125,0.26,ci,ci37420717,2019-07-31T15:54:21.742Z,"15km NE of Ridgecrest, CA",earthquake,0.38,0.6,0.124,25,reviewed,ci,ci
2019-07-04T18:56:06.420Z,35.716,-117.56,1.92,4.58,mw,82,36,0.1041,0.17,ci,ci38443719,2020-05-21T01:06:05.310Z,"15km NE of Ridgecrest, CA",earthquake,0.09,0.21,,6,reviewed,ci,ci
2019-07-04T18:54:13.990Z,35.5975,-117.5996667,5.33,4.07,mlr,58,30,0.1126,0.13,ci,ci38443703,2020-05-21T01:05:12.109Z,"7km ESE of Ridgecrest, CA",earthquake,0.11,0.66,0.145,334,reviewed,ci,ci
2019-07-04T18:47:22.600Z,35.6755,-117.472,10.27,4.02,mlr,22,169,0.08916,0.17,ci,ci37421213,2019-08-28T20:56:31.600Z,"12km SSW of Searles Valley, CA",earthquake,0.34,0.77,0.114,15,reviewed,ci,ci
2019-07-04T18:47:06.590Z,35.6758333,-117.4853333,8.53,4.34,mw,65,47,0.09111,0.16,ci,ci38443647,2019-09-26T14:30:11.040Z,"13km SW of Searles Valley, CA",earthquake,0.14,0.43,,4,reviewed,ci,ci
2019-07-04T18:39:44.440Z,35.6013333,-117.597,2.81,4.59,mw,48,39,0.1109,0.14,ci,ci38443607,2020-05-21T01:04:23.535Z,"7km ESE of Ridgecrest, CA",earthquake,0.13,0.43,,4,reviewed,ci,ci
2019-07-04T18:27:59.440Z,35.745,-117.5521667,6.64,4.23,mlr,57,44,0.07964,0.15,ci,ci38443535,2019-09-26T14:30:10.040Z,"14km W of Searles Valley, CA",earthquake,0.12,0.41,0.141,43,reviewed,ci,ci
2019-07-04T17:40:18.520Z,35.707,-117.5101667,8.66,4.13,mlr,37,61,0.1264,0.16,ci,ci38443231,2020-05-21T01:03:18.515Z,"12km SW of Searles Valley, CA",earthquake,0.18,0.65,0.136,17,reviewed,ci,ci
2019-07-04T17:37:25.640Z,35.6758333,-117.4575,15.82,4.01,mlr,27,66,0.08922,0.22,ci,ci37218996,2020-05-21T00:52:25.314Z,"11km SSW of Searles Valley, CA",earthquake,0.36,0.87,0.136,20,reviewed,ci,ci
2019-07-04T17:35:52.170Z,35.687,-117.5061667,1.6,4.28,mlr,28,82,0.1065,0.15,ci,ci37218988,2019-09-26T14:30:00.040Z,"13km SW of Searles Valley, CA",earthquake,0.2,0.33,0.119,22,reviewed,ci,ci
2019-07-04T17:35:01.660Z,35.644,-117.5671667,4.64,4.49,mlr,41,74,0.103,0.15,ci,ci38443191,2022-06-19T00:27:31.177Z,"10km ENE of Ridgecrest, CA",earthquake,0.15,0.46,0.132,9,reviewed,ci,ci
2019-07-04T17:33:49.000Z,35.7053333,-117.5038333,10.5,6.4,mw,62,47,0.1233,0.16,ci,ci38443183,2025-12-22T18:14:43.508Z,"Ridgecrest Earthquake Sequence",earthquake,0.15,0.36,,6,reviewed,ci,ci
2019-06-23T03:53:02.890Z,40.2735,-124.3003333,9.44,5.58,mw,34,159,0.03116,0.17,nc,nc73201181,2025-12-22T18:11:57.978Z,"6km SSW of Petrolia, CA",earthquake,0.34,0.21,,6,reviewed,nc,nc
2019-06-11T07:46:25.470Z,38.8136667,-122.8233333,1.97,4.07,mw,78,20,0.006619,0.06,nc,nc73195396,2019-09-06T14:25:32.040Z,"7km NW of The Geysers, CA",earthquake,0.09,0.12,,7,reviewed,nc,nc
2019-06-11T07:24:20.720Z,37.4696,-116.6956,15.9,4.1,ml,56,34.09,0.271,0.2249,nn,nn00687315,2019-09-06T14:25:32.040Z,"54 km ESE of Goldfield, Nevada",earthquake,,0.9,0.21,14,reviewed,nn,nn
2019-06-05T14:32:09.580Z,32.8376667,-118.5031667,8.4,4.3,mw,31,232,0.07818,0.26,ci,ci38624424,2020-05-21T01:09:28.170Z,"15km W of San Clemente Is. (SE tip), CA",earthquake,0.61,0.53,,7,reviewed,ci,ci
2019-06-05T10:47:18.800Z,32.8228333,-118.4828333,8.38,4.28,mw,48,231,0.09201,0.26,ci,ci38624056,2019-10-28T17:01:08.285Z,"13km W of San Clemente Is. (SE tip), CA",earthquake,0.45,0.38,,6,reviewed,ci,ci
2019-05-23T09:53:48.233Z,38.396,-116.6339,14.8,4.2,ml,87,68.33,0.563,0.2631,nn,nn00685593,2019-08-13T14:30:31.040Z,"63 km NE of Tonopah, Nevada",earthquake,,1.1,0.27,36,reviewed,nn,nn
2019-04-29T07:16:08.430Z,39.3456667,-123.238,6.25,4.32,mw,62,58,0.1453,0.09,nc,nc73173775,2020-09-23T05:16:12.820Z,"9km NNW of Redwood Valley, CA",earthquake,0.12,0.52,,5,reviewed,nc,nc
2019-04-28T21:56:49.435Z,39.7909,-117.4778,3.8,4.1,ml,15,118.16,0.69,0.2006,nn,nn00683467,2019-07-13T18:42:50.040Z,"Nevada",earthquake,,4.1,0.19,9,reviewed,nn,nn
2019-04-28T17:03:16.906Z,39.7969,-117.4942,4,4,ml,23,73.23,0.685,0.1711,nn,nn00683435,2019-07-13T18:42:49.040Z,"49 km NW of Austin, Nevada",earthquake,,3.2,0.25,17,reviewed,nn,nn
2019-04-15T11:54:03.180Z,38.8148333,-122.7991667,1.24,4.12,mw,79,19,0.00749,0.09,nc,nc73166265,2019-06-20T19:03:42.040Z,"6km NW of The Geysers, CA",earthquake,0.09,0.14,,6,reviewed,nc,nc
2019-03-29T04:55:25.890Z,40.4288333,-124.4655,27.8,4.19,mw,27,238,0.1083,0.18,nc,nc73157855,2019-06-23T04:15:07.017Z,"19km NW of Petrolia, CA",earthquake,1.09,0.74,,6,reviewed,nc,nc
2019-02-06T18:23:01.570Z,40.8465,-123.8395,25.83,4.39,mw,32,67,0.08586,0.13,nc,nc73138600,2023-09-30T16:29:55.243Z,"13km ESE of Blue Lake, CA",earthquake,0.26,0.59,,5,reviewed,nc,nc
2019-02-03T23:43:21.810Z,40.307,-124.4965,7.66,4.19,mw,30,250,0.1607,0.2,nc,nc73139366,2019-04-18T19:09:36.040Z,"18km W of Petrolia, CA",earthquake,0.58,0.67,,3,reviewed,nc,nc
2019-02-03T22:18:12.650Z,40.2893333,-124.4741667,7.33,4.48,mw,26,250,0.147,0.17,nc,nc73139336,2019-04-18T19:09:36.040Z,"16km WSW of Petrolia, CA",earthquake,0.56,0.54,,4,reviewed,nc,nc
2019-02-02T10:52:21.990Z,40.3006667,-124.4946667,6.44,4.3,mw,30,250,0.1601,0.15,nc,nc73139111,2019-04-18T19:09:31.040Z,"18km W of Petrolia, CA",earthquake,0.31,0.43,,4,reviewed,nc,nc
2019-01-15T20:20:20.120Z,40.3216667,-124.4723333,7.09,4.08,mw,27,240,0.1412,0.14,nc,nc73133256,2019-04-11T01:51:01.743Z,"16km W of Petrolia, CA",earthquake,0.39,0.49,,3,reviewed,nc,nc
2018-12-05T21:40:16.620Z,35.7303333,-117.0776667,0.84,4.2,mw,60,34,0.2316,0.17,ci,ci38386960,2019-02-16T19:52:25.040Z,"28km E of Trona, CA",earthquake,0.13,0.61,,6,reviewed,ci,ci
2018-11-27T13:07:12.830Z,36.0735,-120.1881667,10.8,4,mw,92,51,0.06483,0.11,nc,nc73116386,2019-02-09T19:02:10.040Z,"9km NW of Avenal, CA",earthquake,0.18,0.32,,5,reviewed,nc,nc
2018-11-19T20:18:42.510Z,32.2065,-115.2535,10.95,4.82,mw,29,149,0.2168,0.38,ci,ci38138175,2019-02-02T20:02:26.040Z,"8km WSW of Alberto Oviedo Mota, B.C., MX",earthquake,0.79,31.61,,6,reviewed,ci,ci
2018-11-02T12:58:54.230Z,36.6801667,-121.3146667,6.48,4.11,mw,80,54,0.06916,0.15,nc,nc73105276,2026-01-28T17:11:31.846Z,"12km S of Tres Pinos, CA",earthquake,0.14,0.51,,5,reviewed,nc,nc
2018-09-29T02:17:46.720Z,32.3476667,-115.184,28.67,4.41,mw,34,172,0.1018,0.29,ci,ci37373442,2018-12-01T16:43:15.040Z,"1km SE of Delta, B.C., MX",earthquake,0.74,0.41,,6,reviewed,ci,ci
2018-08-29T02:33:28.330Z,34.1363333,-117.7746667,5.46,4.38,mw,208,16,0.03385,0.26,ci,ci38038071,2024-04-11T05:17:40.512Z,"4km N of La Verne, CA",earthquake,0.11,0.48,,6,reviewed,ci,ci
2018-08-15T01:24:26.310Z,33.4771667,-116.8033333,1.89,4.41,mw,170,12,0.0352,0.24,ci,ci38245496,2019-02-10T17:17:36.288Z,"7km NE of Aguanga, CA",earthquake,0.1,0.3,,6,reviewed,ci,ci
2018-07-29T13:54:07.330Z,31.8983333,-115.8495,6.57,4.02,mw,48,95,0.1352,0.3,ci,ci38232616,2018-10-09T16:43:19.040Z,"71km ENE of Maneadero, B.C., MX",earthquake,0.26,1.05,,7,reviewed,ci,ci
2018-07-25T20:17:56.910Z,31.9508333,-116.299,15.83,4.19,mw,32,115,0.3031,0.27,ci,ci38230144,2018-10-09T16:43:19.040Z,"32km ENE of Ensenada, B.C., MX",earthquake,0.41,1.53,,6,reviewed,ci,ci
2018-07-05T15:17:36.947Z,35.8945,-115.7758,8.6,4.5,ml,59,40.27,0.303,0.2678,nn,nn00642964,2019-07-05T14:26:17.112Z,"15 km WNW of Sandy Valley, Nevada",earthquake,,1.3,0.33,17,reviewed,nn,nn
2018-05-10T02:58:30.910Z,38.81,-122.7971667,1.89,4.19,mw,79,34,0.002497,0.1,nc,nc73014276,2018-11-10T20:09:42.017Z,"5km NW of The Geysers, CA",earthquake,0.11,0.17,,4,reviewed,nc,nc
2018-05-08T11:49:34.020Z,34.016,-116.7798333,12.89,4.49,mw,185,18,0.03006,0.18,ci,ci38167848,2020-12-05T06:25:29.598Z,"11km N of Cabazon, CA",earthquake,0.09,0.22,,6,reviewed,ci,ci
2018-04-05T19:29:16.220Z,33.8198333,-119.734,9.82,5.29,mw,88,132,0.1935,0.27,ci,ci37908735,2022-09-08T17:02:07.740Z,"31km SW of Santa Cruz Is. (E end), CA",earthquake,0.32,31.61,,6,reviewed,ci,ci
2018-03-23T03:09:39.100Z,40.4278333,-124.5108333,25.19,4.66,mw,31,247,0.1406,0.15,nc,nc72988926,2018-06-19T01:35:48.040Z,"22km WNW of Petrolia, CA",earthquake,0.49,0.5,,4,reviewed,nc,nc
2018-03-22T16:24:49.560Z,40.7513333,-124.3891667,24.52,4.42,mw,34,197,0.1522,0.11,nc,nc72988726,2020-03-22T18:24:35.603Z,"17km W of Humboldt Hill, CA",earthquake,0.47,0.6,,3,reviewed,nc,nc
2018-03-09T06:01:28.350Z,40.2918333,-124.5423333,15.09,4.48,mw,26,253,0.1975,0.13,nc,nc72981481,2018-06-08T05:12:16.040Z,"22km W of Petrolia, CA",earthquake,1.17,0.39,,4,reviewed,nc,nc
2018-01-18T05:55:11.950Z,38.785,-122.7433333,1.81,4.22,mw,72,41,0.005457,0.08,nc,nc72955520,2018-05-15T03:39:28.647Z,"1km NE of The Geysers, CA",earthquake,0.11,0.19,,4,reviewed,nc,nc
2018-01-04T10:39:37.730Z,37.8551667,-122.2568333,12.31,4.38,mw,289,13,0.004662,0.18,nc,nc72948801,2025-12-14T23:53:50.302Z,"2km SE of Berkeley, CA",earthquake,0.11,0.2,,7,reviewed,nc,nc
2017-12-14T04:57:18.580Z,39.6076667,-123.6458333,7.04,4.26,mw,26,99,0.09255,0.14,nc,nc72939656,2018-03-06T00:49:40.040Z,"17km WSW of Laytonville, CA",earthquake,0.22,0.61,,5,reviewed,nc,nc
2017-11-13T19:31:29.050Z,36.6305,-121.2443333,6.31,4.58,mw,82,55,0.05988,0.11,nc,nc72923380,2021-07-09T19:36:22.069Z,"18 km SSE of Tres Pinos, California",earthquake,0.12,0.36,,6,reviewed,nc,nc
2017-10-26T20:38:51.340Z,34.4213333,-120.6785,4.35,4.33,mw,47,218,0.1958,0.25,ci,ci38031584,2018-08-14T14:08:53.509Z,"32km SW of Lompoc, CA",earthquake,0.51,1.08,,5,reviewed,ci,ci
2017-10-10T00:53:18.270Z,37.3135,-121.672,9.69,4.09,mw,243,23,0.0366,0.16,nc,nc72906781,2018-04-16T19:28:14.135Z,"14 km ESE of East Foothills, California",earthquake,0.1,0.2,,6,reviewed,nc,nc
2017-08-22T19:51:59.450Z,35.9043333,-116.9223333,6.14,4.12,mw,38,55,0.07437,0.15,ci,ci37980632,2022-08-07T15:25:24.834Z,"44km ENE of Trona, CA",earthquake,0.16,0.55,,6,reviewed,ci,ci
2017-07-17T09:27:04.956Z,36.7304,-115.9092,6.8,4.1,ml,48,28.58,0.156,0.2138,nn,nn00596256,2022-06-22T08:07:08.387Z,"27 km NW of Indian Springs, Nevada",earthquake,,1.1,0.15,16,reviewed,nn,nn
2017-06-24T21:22:03.060Z,40.2878333,-124.2988333,9.14,4.03,mw,24,212,0.03586,0.12,nc,nc72820761,2018-03-23T03:45:44.092Z,"near the coast of Northern California",earthquake,0.44,0.22,,11,reviewed,nc,nc
2017-05-17T04:42:25.330Z,34.4191667,-120.0021667,2.25,4.06,mw,47,71,0.1101,0.24,ci,ci37646983,2017-10-26T21:19:19.628Z,"12 km W of Isla Vista, California",earthquake,0.27,0.52,,4,reviewed,ci,ci
2017-03-31T10:55:53.700Z,36.8776667,-121.6141667,6.2,4,mw,113,27,0.02664,0.12,nc,nc72782971,2017-06-16T23:08:05.040Z,"2 km ESE of Aromas, California",earthquake,0.09,0.19,,4,reviewed,nc,nc
2017-02-21T00:57:52.710Z,38.7958333,-122.7353333,1.32,4.16,mw,82,29,0.01262,0.09,nc,nc72766046,2021-12-21T22:09:42.809Z,"3 km SSW of Cobb, California",earthquake,0.12,0.16,,3,reviewed,nc,nc
2016-12-28T09:13:47.243Z,38.3777,-118.8957,8.8,5.5,ml,33,48.58,0.129,0.2187,nn,nn00570744,2023-02-06T19:24:50.549Z,"28 km SW of Hawthorne, Nevada",earthquake,,2,0.26,18,reviewed,nn,nn
2016-12-28T08:22:12.208Z,38.3904,-118.8972,12.2,5.6,ml,43,42.44,0.123,0.1913,nn,nn00570710,2022-05-03T18:07:18.115Z,"28 km WSW of Hawthorne, Nevada",earthquake,,1.2,0.32,18,reviewed,nn,nn
2016-12-28T08:18:00.613Z,38.3755,-118.8989,11.3,5.6,ml,37,35.89,0.133,0.1599,nn,nn00570709,2025-12-04T17:27:50.612Z,"29 km SW of Hawthorne, Nevada",earthquake,,1,0.35,20,reviewed,nn,nn
2016-12-14T16:41:05.530Z,38.8221667,-122.8413333,1.48,5.01,mw,85,26,0.01351,0.06,nc,nc72737985,2022-05-03T18:04:44.943Z,"10 km W of Cobb, California",earthquake,0.08,0.1,,6,reviewed,nc,nc
2016-12-05T18:33:15.480Z,40.2785,-124.386,22.1,4.35,mw,29,220,0.08829,0.13,nc,nc72733405,2021-12-21T22:28:55.350Z,"33 km SW of Scotia, California",earthquake,0.7,0.22,,5,reviewed,nc,nc
2016-11-06T13:00:46.390Z,39.6598333,-123.6373333,-0.65,4.06,mw,32,82,0.04955,0.14,nc,nc72721105,2017-03-18T00:05:47.075Z,"13 km WSW of Laytonville, California",earthquake,0.21,1.2,,8,reviewed,nc,nc
2016-10-27T06:37:23.630Z,40.3461667,-124.5465,23.97,4.11,mw,37,233,0.1991,0.17,nc,nc72716540,2017-03-18T00:04:45.901Z,"35 km SW of Ferndale, California",earthquake,0.6,0.48,,4,reviewed,nc,nc
2016-09-27T03:36:15.240Z,33.3058333,-115.701,2.52,4.13,mw,104,39,0.05391,0.26,ci,ci37701632,2016-12-14T03:17:52.040Z,"6km SSE of Bombay Beach, CA",earthquake,0.17,0.34,,6,reviewed,ci,ci
2016-09-27T03:23:58.150Z,33.2998333,-115.7123333,4.84,4.33,mw,104,35,0.05548,0.23,ci,ci37701544,2016-12-14T03:17:52.040Z,"6km SSE of Bombay Beach, CA",earthquake,0.17,0.51,,6,reviewed,ci,ci
2016-09-26T14:31:08.040Z,33.2976667,-115.7136667,2.2,4.32,mw,69,68,0.05721,0.23,ci,ci37700296,2016-12-14T03:17:51.040Z,"6km SSE of Bombay Beach, CA",earthquake,0.2,0.45,,6,reviewed,ci,ci
2016-08-28T21:20:52.090Z,40.4365,-123.4078333,35.62,4.49,mw,35,64,0.0973,0.1,nc,nc72686711,2017-03-18T00:01:59.693Z,"8 km ESE of Mad River, California",earthquake,0.27,0.59,,3,reviewed,nc,nc
2016-08-10T02:57:17.510Z,39.3293333,-122.8018333,14.45,5.09,mw,120,32,0.155,0.15,nc,nc72672610,2026-01-14T00:25:15.720Z,"20 km NNE of Upper Lake, California",earthquake,0.12,0.21,,6,reviewed,nc,nc
2016-08-04T04:55:35.040Z,40.1538333,-120.2131667,6.87,4.48,mw,31,174,0.07477,0.06,nc,nc72670060,2018-07-02T18:00:08.546Z,"5 km WNW of Patton Village, California",earthquake,0.38,0.73,,6,reviewed,nc,nc
2016-07-31T16:21:05.830Z,32.9583333,-115.7605,3.2,4.03,mw,69,30,0.03565,0.23,ci,ci37644544,2016-10-19T04:51:58.040Z,"16km SW of Westmorland, CA",earthquake,0.15,0.3,,6,reviewed,ci,ci
2016-07-21T23:09:05.780Z,40.7243333,-123.8918333,26.24,4.81,mw,49,39,0.14,0.17,nc,nc72664436,2019-02-21T21:54:18.846Z,"19km SSE of Blue Lake, CA",earthquake,0.26,0.81,,6,reviewed,nc,nc
2016-07-19T21:38:38.910Z,36.6925,-121.3296667,5.87,4.22,mw,77,29,0.05225,0.1,nc,nc72663506,2020-02-13T04:10:24.696Z,"10 km S of Tres Pinos, California",earthquake,0.12,0.54,,8,reviewed,nc,nc
2016-07-07T23:40:45.777Z,38.6516,-118.7943,9.1,4.5,ml,28,50.51,0.196,0.1551,nn,nn00550904,2018-07-02T17:58:20.550Z,"3 km W of Walker Lake, Nevada",earthquake,,1.2,0.34,14,reviewed,nn,nn
2016-07-07T23:14:40.556Z,38.6539,-118.7984,6,4.3,ml,33,43.85,0.198,0.1437,nn,nn00550898,2018-07-02T17:58:20.098Z,"3 km W of Walker Lake, Nevada",earthquake,,1.3,0.21,12,reviewed,nn,nn
2016-06-10T08:04:38.700Z,33.4315,-116.4426667,12.31,5.19,mw,143,18,0.09275,0.23,ci,ci37374687,2022-10-18T03:23:41.007Z,"20km NNW of Borrego Springs, CA",earthquake,0.13,0.34,,6,reviewed,ci,ci
2016-06-03T07:19:42.565Z,39.5895,-115.8242,0,4,ml,58,59.47,0.756,0.2258,nn,nn00546432,2020-05-12T04:28:42.110Z,"14 km NE of Eureka, Nevada",earthquake,,0,0.38,29,reviewed,nn,nn
2016-03-22T10:00:45.356Z,38.6555,-118.7841,10.9,4.1,ml,53,57.31,0.184,0.2403,nn,nn00536804,2022-06-22T08:02:44.291Z,"2 km WNW of Walker Lake, Nevada",earthquake,,1.1,0.35,33,reviewed,nn,nn
2016-03-21T07:37:10.535Z,38.4792,-118.3662,9.9,4.3,ml,61,29.5,0.05,0.2352,nn,nn00536374,2022-09-24T00:36:08.816Z,"23 km ESE of Hawthorne, Nevada",earthquake,,0.7,0.38,39,reviewed,nn,nn
2016-03-12T08:42:40.300Z,34.5216667,-119.0748333,19.3,4.13,mw,85,40,0.09913,0.32,ci,ci37534768,2022-06-22T08:01:46.987Z,"17km ENE of Ojai, CA",earthquake,0.24,0.43,,4,reviewed,ci,ci
2016-02-24T00:02:23.630Z,35.5423333,-119.3728333,22.14,4.87,mw,84,37,0.295,0.29,ci,ci37528064,2022-04-27T00:50:53.226Z,"6km SSW of Wasco, CA",earthquake,0.24,0.65,,6,reviewed,ci,ci
2016-02-23T03:19:52.940Z,34.6943333,-116.2428333,2.35,4.1,mw,94,43,0.07621,0.16,ci,ci37527664,2020-05-07T03:44:34.481Z,"8km WSW of Ludlow, CA",earthquake,0.1,0.31,,6,reviewed,ci,ci
2016-02-20T06:13:20.330Z,34.6098333,-116.6288333,6.7,4.31,mw,153,27,0.03412,0.16,ci,ci37526424,2016-05-03T23:44:12.040Z,"36km ENE of Lucerne Valley, CA",earthquake,0.09,0.35,,6,reviewed,ci,ci
2016-02-16T23:27:31.020Z,37.2023333,-118.3998333,15.08,4.31,mw,54,71,0.1198,0.06,nc,nc72592705,2018-07-02T17:47:58.155Z,"8 km S of Wilkerson, California",earthquake,0.23,0.59,,6,reviewed,nc,nc
2016-02-16T23:04:26.910Z,37.2023333,-118.4035,15.06,4.77,mw,52,104,0.118,0.07,nc,nc72592670,2022-08-07T09:43:50.188Z,"8 km S of Wilkerson, California",earthquake,0.27,0.63,,6,reviewed,nc,nc
2016-01-24T15:32:16.360Z,34.6971667,-116.2391667,2.61,4.11,mw,44,43,0.07372,0.16,ci,ci37299263,2020-05-21T00:54:39.906Z,"8km WSW of Ludlow, CA",earthquake,0.15,0.43,,6,reviewed,ci,ci
2016-01-07T05:49:52.430Z,40.2731667,-124.3395,16.95,4.31,mw,24,213,0.05856,0.14,nc,nc72574495,2020-05-21T01:28:57.504Z,"30 km SW of Scotia, California",earthquake,0.62,0.34,,6,reviewed,nc,nc
2016-01-06T14:42:34.880Z,33.9585,-116.8883333,16.67,4.39,mw,136,12,0.05405,0.18,ci,ci37510616,2023-06-04T20:18:08.909Z,"4km NNW of Banning, CA",earthquake,0.11,0.27,,6,reviewed,ci,ci
2015-12-30T01:48:57.310Z,34.191,-117.4131667,6.98,4.4,mw,173,23,0.08052,0.25,ci,ci37507576,2023-11-14T23:51:11.334Z,"4km SSW of Devore, CA",earthquake,0.14,0.51,,6,reviewed,ci,ci
2015-12-28T15:10:30.588Z,41.4562,-118.905,17.7,4.1,ml,13,83.52,0.83,0.1615,nn,nn00524306,2020-05-12T01:06:31.796Z,"63 km SSW of Denio, Nevada",earthquake,,6.7,0.23,9,reviewed,nn,nn
2015-12-27T18:31:18.030Z,35.2143333,-117.2815,3.17,4.25,mw,107,28,0.1914,0.14,ci,ci37506472,2020-05-21T00:57:30.191Z,"37km ESE of Johannesburg, CA",earthquake,0.1,0.49,,6,reviewed,ci,ci
2015-12-23T06:46:07.342Z,39.4309,-119.7845,9.7,4.4,ml,30,47.24,0.024,0.1587,nn,nn00523696,2023-08-02T17:53:03.205Z,"11 km SSE of Reno, Nevada",earthquake,,0.6,0.23,8,reviewed,nn,nn
2015-09-16T16:10:47.340Z,34.1371667,-116.858,9.55,4,mw,210,20,0.0779,0.17,ci,ci37243591,2020-05-21T00:53:40.432Z,"13km SSE of Big Bear Lake, CA",earthquake,0.08,0.19,,8,reviewed,ci,ci
2015-09-08T02:15:19.980Z,38.6488,-118.8064,6.2,4.4,ml,21,98.57,0.194,0.1093,nn,nn00509589,2018-06-30T00:01:28.281Z,"4 km W of Walker Lake, Nevada",earthquake,,2,0.18,10,reviewed,nn,nn
2015-08-17T13:49:17.320Z,37.8366667,-122.2321667,4.69,4.01,mw,270,12,0.01171,0.15,nc,nc72507396,2021-01-07T22:04:04.940Z,"1 km N of Piedmont, California",earthquake,0.08,0.11,,9,reviewed,nc,nc
2015-05-22T18:47:42.980Z,37.2925,-114.6546,4,5.3,ml,32,109.36,0.335,0.159,nn,nn00495477,2022-05-03T18:27:15.534Z,"37 km SSW of Caliente, Nevada",earthquake,,1.9,0.22,11,reviewed,nn,nn
2015-05-22T02:53:00.780Z,38.4316667,-122.2503333,12.83,4.09,mw,172,90,0.008108,0.19,nc,nc72453246,2020-05-21T01:26:06.258Z,"5 km WSW of Moskowite Corner, California",earthquake,0.17,0.23,,5,reviewed,nc,nc
2015-05-21T03:15:29.690Z,33.1621667,-115.6425,5.74,4.1,mw,91,41,0.02677,0.26,ci,ci37166079,2020-05-12T04:26:46.174Z,"13km WNW of Calipatria, CA",earthquake,0.17,0.38,,8,reviewed,ci,ci
2015-04-08T19:30:28.070Z,32.4111667,-115.2448333,5.951,4.03,ml,28,109,0.05156,0.47,ci,ci37359312,2020-05-02T03:33:30.758Z,"8km NW of Delta, B.C., MX",earthquake,0.72,31.61,0.109,133,reviewed,ci,ci
2015-04-08T19:23:15.390Z,32.376,-115.2085,7.281,4.27,mw,26,117,0.09244,0.51,ci,ci37359304,2020-07-09T21:43:12.611Z,"3km NNW of Delta, B.C., MX",earthquake,0.77,1.72,,6,reviewed,ci,ci
2015-03-30T09:21:56.690Z,34.7911667,-116.2611667,2.912,4.04,ml,45,61,0.07173,0.16,ci,ci37352384,2020-05-02T03:32:53.730Z,"12km NW of Ludlow, CA",earthquake,0.15,0.57,0.146,238,reviewed,ci,ci
2015-03-27T13:30:14.330Z,36.2271667,-120.3528333,10.44,4.11,mw,86,50,0.02342,0.1,nc,nc72418390,2020-05-02T03:32:36.803Z,"9 km N of Coalinga, California",earthquake,0.15,0.27,,10,reviewed,nc,nc
2015-02-14T02:28:56.228Z,37.1418,-117.2618,17,4.8,ml,19,54.03,0.168,0.1919,nn,nn00482627,2020-05-02T03:32:22.257Z,"51 km WNW of Beatty, Nevada",earthquake,,1.3,0.28,6,reviewed,nn,nn
2015-01-29T19:13:55.180Z,40.3113333,-124.5891667,17.699,4.25,mw,46,232,0.2306,0.16,nc,nc72388626,2020-05-02T03:31:50.941Z,"40 km SW of Ferndale, California",earthquake,0.49,0.27,,11,reviewed,nc,nc
2015-01-28T21:08:53.710Z,40.3178333,-124.6066667,16.881,5.72,mw,52,230,0.2459,0.13,nc,nc72387946,2023-01-22T07:44:02.853Z,"40 km SW of Ferndale, California",earthquake,0.54,0.33,,13,reviewed,nc,nc
2015-01-20T13:21:36.970Z,36.4333333,-120.971,9.39,4.43,mw,98,58,0.03964,0.1,nc,nc72383481,2022-08-07T07:32:06.632Z,"27 km ENE of Greenfield, California",earthquake,0.15,0.3,,6,reviewed,nc,nc
2015-01-14T10:44:35.040Z,40.3195,-124.6121667,16.159,4.28,mw,47,233,0.2505,0.12,nc,nc72381011,2022-08-07T07:25:18.113Z,"41 km SW of Ferndale, California",earthquake,0.56,0.42,,9,reviewed,nc,nc
2015-01-04T03:18:09.480Z,34.6173333,-118.6301667,7.821,4.25,mw,106,46,,0.24,ci,ci37301704,2022-08-07T06:56:15.502Z,"14km N of Castaic, CA",earthquake,0.26,0.62,,6,reviewed,ci,ci
2014-12-24T05:51:51.440Z,33.1851667,-115.6085,1.387,4.19,mw,49,80,0.009735,0.2,ci,ci37298672,2022-08-07T06:30:22.005Z,"10km SW of Niland, CA",earthquake,0.34,0.54,,6,reviewed,ci,ci
2014-11-20T06:26:49.290Z,36.806,-121.5358333,6.23,4.23,mw,143,22,0.03694,0.15,nc,nc72350156,2022-08-07T04:37:49.431Z,"4 km S of San Juan Bautista, California",earthquake,0.1,0.22,,6,reviewed,nc,nc
2014-11-10T08:42:42.850Z,32.8666667,-118.6535,5.12,4.11,mw,10,237,0.1441,0.18,ci,ci37286720,2022-08-07T03:54:02.224Z,"19km SSW of San Clemente Is. (NW tip), CA",earthquake,0.86,1.88,,6,reviewed,ci,ci
2014-10-19T14:24:04.460Z,40.2673333,-124.3726667,22.329,4.24,mw,25,234,0.08198,0.16,nc,nc72330211,2022-08-07T02:52:37.354Z,"33 km SW of Scotia, California",earthquake,0.76,0.34,,5,reviewed,nc,nc
2014-09-28T20:45:13.260Z,36.6255,-120.8336667,6.99,4.43,mw,117,69,0.04955,0.12,nc,nc72316031,2022-08-07T01:52:45.777Z,"40 km SSW of South Dos Palos, California",earthquake,0.16,0.33,,15,reviewed,nc,nc
2014-09-07T12:13:56.570Z,32.2121667,-117.6125,14.855,4.02,ml,16,202,0.5526,0.37,ci,ci37265488,2022-08-07T01:30:38.432Z,"56km WSW of Rosarito, B.C., MX",earthquake,1.34,31.61,0.268,221,reviewed,ci,ci
2014-08-24T10:20:44.070Z,38.2151667,-122.3123333,11.12,6.02,mw,369,28,0.03604,0.18,nc,nc72282711,2025-12-22T10:29:50.802Z,"The 2014 South Napa, California Earthquake",earthquake,0.11,0.15,,0,reviewed,nc,nc
2014-07-05T16:59:34.090Z,34.2823333,-117.0266667,7.25,4.58,mw,188,32,,0.23,ci,ci15520985,2025-03-31T09:16:13.778Z,"11km NE of Running Springs, CA",earthquake,0.12,0.28,,6,reviewed,ci,ci
2014-06-02T23:54:19.680Z,40.3455,-124.4201667,18.121,4.14,mw,24,245,0.1063,0.12,nc,nc72231201,2022-08-07T00:02:52.145Z,"28 km SSW of Ferndale, California",earthquake,0.62,0.31,,6,reviewed,nc,nc
2014-06-02T02:36:43.930Z,34.0958333,-118.4911667,4.25,4.16,mw,100,43,,0.22,ci,ci15507801,2022-08-07T00:02:03.161Z,"7km NW of Westwood, CA",earthquake,0.27,0.45,,4,reviewed,ci,ci
2014-05-30T07:48:33.120Z,38.4065,-119.3641667,9.1,4.02,mw,134,83,0.1135,0.12,nc,nc72229261,2022-08-06T23:57:45.756Z,"15 km SE of Walker, California",earthquake,0.12,0.48,,9,reviewed,nc,nc
2014-04-19T12:15:13.010Z,35.4663333,-118.521,-0.828,4.24,ml,60,38,0.1529,0.18,ci,ci37214496,2022-08-06T23:18:45.965Z,"14km S of Bodfish, CA",earthquake,0.2,0.57,0.157,258,reviewed,ci,ci
2014-03-29T21:32:45.930Z,33.9613333,-117.8923333,9.294,4.14,mw,185,13,0.03055,0.33,ci,ci15483001,2025-05-20T01:20:35.035Z,"2km SE of Rowland Heights, CA",earthquake,0.18,0.34,,6,reviewed,ci,ci
2014-03-29T04:09:42.170Z,33.9325,-117.9158333,5.09,5.1,mw,321,9,0.01443,0.24,ci,ci15481673,2025-05-20T01:14:43.320Z,"2km NW of Brea, CA",earthquake,0.1,0.21,,6,reviewed,ci,ci
2014-03-17T13:25:36.870Z,34.134,-118.4861667,9.245,4.39,mw,208,40,0.0379,0.28,ci,ci15476961,2024-07-31T19:27:27.002Z,"3km SSE of Encino, CA",earthquake,0.18,0.31,,6,reviewed,ci,ci
2014-03-14T16:32:35.210Z,40.3481667,-124.6103333,19.005,4,mw,49,229,0.2441,0.14,nc,nc72185141,2022-08-06T22:22:01.043Z,"38 km SW of Ferndale, California",earthquake,0.65,0.4,,13,reviewed,nc,nc
2014-03-13T02:11:04.030Z,36.1116667,-118.055,-1.316,4.39,mw,42,70,0.1351,0.15,ci,ci15475329,2022-08-06T22:19:30.404Z,"12km NW of Coso Junction, CA",earthquake,0.2,0.49,,6,reviewed,ci,ci
2014-02-27T18:52:30.020Z,35.8651667,-121.4993333,9.324,4.06,mw,148,192,0.1126,0.14,nc,nc72176091,2022-08-06T21:59:43.317Z,"37 km NW of San Simeon, California",earthquake,0.33,0.21,,8,reviewed,nc,nc
2014-02-06T19:42:21.030Z,35.526,-121.271,2.927,4.13,mw,88,201,0.1369,0.1,nc,nc72157621,2022-08-06T21:40:05.773Z,"14 km SSW of San Simeon, California",earthquake,0.3,0.69,,7,reviewed,nc,nc
2014-01-15T09:35:18.870Z,34.143,-117.4425,2.934,4.43,mw,166,22,,0.19,ci,ci11413954,2022-08-06T21:12:03.619Z,"5km NNE of Fontana, CA",earthquake,0.15,0.41,,6,reviewed,ci,ci
2014-01-12T20:24:46.740Z,38.8135,-122.8161667,1.9,4.53,mw,103,25,0.01081,0.05,nc,nc72141176,2022-08-06T21:05:51.540Z,"8 km W of Cobb, California",earthquake,0.08,0.14,,10,reviewed,nc,nc
2014-01-02T06:23:09.700Z,40.29,-124.4526667,20.031,4.02,mw,24,249,0.1324,0.09,nc,nc72134626,2022-08-06T20:55:23.225Z,"35 km SSW of Ferndale, California",earthquake,0.65,0.28,,5,reviewed,nc,nc
2013-12-26T00:18:19.630Z,32.4008333,-116.265,14.189,4.09,ml,29,135,0.2511,0.23,ci,ci11405954,2022-08-06T20:41:38.305Z,"30km SE of Campo, CA",earthquake,0.48,31.61,0.196,241,reviewed,ci,ci
2013-12-23T13:39:26.300Z,36.1405,-118.0648333,0.873,4.3,mh,37,71,0.1164,0.15,ci,ci15447161,2022-08-06T20:36:28.852Z,"15km NW of Coso Junction, CA",earthquake,0.26,0.83,,0,reviewed,ci,ci
2013-12-17T13:28:01.840Z,40.6915,-124.5063333,17.673,4.11,mw,64,225,0.2514,0.1,nc,nc72125816,2022-08-06T20:26:56.353Z,"23 km W of Indianola, California",earthquake,0.39,0.27,,6,reviewed,nc,nc
2013-12-13T07:49:57.470Z,35.8113333,-119.8008333,21.746,4.08,mw,74,70,0.136,0.2,nc,nc72119970,2022-08-06T20:21:37.703Z,"23 km NNW of Lost Hills, California",earthquake,0.32,0.39,,4,reviewed,nc,nc
2013-10-06T02:06:21.880Z,34.7091667,-116.2938333,0.846,4.28,ml,51,42,0.1246,0.13,ci,ci11373458,2022-08-06T18:13:38.505Z,"12km W of Ludlow, CA",earthquake,0.15,0.5,0.143,255,reviewed,ci,ci
2013-09-14T10:25:36.360Z,32.4113333,-115.2148333,9.955,4.08,mw,26,211,0.0767,0.39,ci,ci11364370,2022-08-06T17:40:49.258Z,"7km NNW of Delta, B.C., MX",earthquake,1.28,31.61,,5,reviewed,ci,ci
2013-08-27T00:51:43.827Z,39.6696,-119.6841,13.9,4.2,ml,38,59.04,0.137,0.1097,nn,nn00421303,2022-08-06T17:23:46.869Z,"3 km NE of Spanish Springs, Nevada",earthquake,,0.7,0.22,8,reviewed,nn,nn
2013-08-25T18:50:28.710Z,35.4803333,-118.2853333,1.159,4.19,mw,51,37,0.131,0.15,ci,ci15396881,2022-08-06T17:20:21.609Z,"22km ESE of Bodfish, CA",earthquake,0.18,0.57,,6,reviewed,ci,ci
2013-08-24T01:16:30.990Z,34.5666667,-120.9566667,2.798,4.06,mw,25,234,0.3161,0.3,ci,ci15396097,2022-08-06T17:18:33.480Z,"45km WSW of Vandenberg Air Force Base, CA",earthquake,1.67,5.87,,5,reviewed,ci,ci
2013-08-03T02:25:49.930Z,40.8081667,-124.4018333,20.433,4.47,mw,32,216,0.1919,0.09,nc,nc72042291,2022-08-06T17:02:03.083Z,"18 km W of Samoa, California",earthquake,0.48,0.27,,5,reviewed,nc,nc
2013-07-24T16:46:02.630Z,35.486,-118.2875,5.54,4.29,ml,61,24,,0.1,ci,ci11339042,2022-08-06T16:53:40.582Z,"22km ESE of Bodfish, CA",earthquake,0.18,0.73,0.164,264,reviewed,ci,ci
2013-05-29T14:38:03.410Z,34.4061667,-119.9198333,7.12,4.8,mw,37,63,,0.44,ci,ci15350729,2022-08-06T15:58:27.420Z,"6km W of Isla Vista, CA",earthquake,0.46,1.56,,6,reviewed,ci,ci
2013-05-24T08:02:19.510Z,40.1795,-121.0781667,3.65,4.86,ml,30,136,0.08539,0.09,nc,nc71997821,2023-05-20T14:18:43.860Z,"1km NNW of Canyondam, CA",earthquake,0.32,1.13,0.162,84,reviewed,nc,nc
2013-05-24T03:50:27.920Z,40.186,-121.0631667,1.312,4.21,md,26,146,0.08829,0.12,nc,nc71071969,2017-06-12T19:08:40.125Z,"1 km NNE of Canyondam, California",earthquake,0.55,0.94,0.137,40,reviewed,nc,nc
2013-05-24T03:48:56.990Z,40.1835,-121.0678333,-0.24,4.2,ml,13,144,0.08741,0.05,nc,nc71071964,2022-08-06T15:50:17.963Z,"2km NNE of Canyondam, CA",earthquake,0.4,0.93,0.171,10,reviewed,nc,nc
2013-05-24T03:47:08.180Z,40.1918333,-121.0595,7.968,5.69,mw,32,69,0.08649,0.08,nc,nc71996906,2022-08-06T15:40:22.649Z,"2 km NNE of Canyondam, California",earthquake,0.26,0.68,,5,reviewed,nc,nc
2013-05-18T13:46:08.860Z,40.2858333,-124.4603333,23.339,4.28,mw,23,244,0.1378,0.16,nc,nc71993641,2022-08-06T15:35:55.520Z,"36 km SSW of Ferndale, California",earthquake,1.1,0.47,,5,reviewed,nc,nc
2013-05-15T20:00:06.230Z,33.6583333,-118.3721667,1.083,4.08,mw,69,89,0.08487,0.22,ci,ci15343145,2022-08-06T15:32:05.009Z,"10km S of Rancho Palos Verdes, CA",earthquake,0.31,0.65,,4,reviewed,ci,ci
2013-04-17T02:57:58.060Z,32.2405,-115.2698333,9.964,4.08,mw,23,224,0.1809,0.44,ci,ci11286130,2022-08-06T15:00:06.183Z,"10km W of Alberto Oviedo Mota, B.C., MX",earthquake,1.62,31.61,,4,reviewed,ci,ci
2013-03-14T09:09:23.330Z,38.8123333,-122.7861667,1.343,4.44,mw,101,20,0.004505,0.07,nc,nc71954065,2022-08-06T14:20:43.060Z,"5 km W of Cobb, California",earthquake,0.08,0.12,,12,reviewed,nc,nc
2013-03-11T16:56:06.060Z,33.5008333,-116.4581667,10.943,4.7,mh,110,16,0.03525,0.22,ci,ci15296281,2022-08-06T14:16:28.267Z,"21km ESE of Anza, CA",earthquake,0.14,0.32,,0,reviewed,ci,ci
2013-03-01T21:55:27.580Z,35.8298333,-116.7996667,7.674,4.14,mw,31,47,0.1462,0.15,ci,ci15292545,2022-08-06T14:03:05.135Z,"50km WSW of Shoshone, CA",earthquake,0.26,0.89,,6,reviewed,ci,ci
2013-02-28T15:29:25.891Z,38.0237,-118.0646,6.2,4,ml,21,97.4,0.2,0.1225,nn,nn00404523,2022-08-06T14:00:27.716Z,"39 km N of Dyer, Nevada",earthquake,,2.9,0.11,2,reviewed,nn,nn
2013-02-13T00:10:14.393Z,38.0222,-118.0553,7.5,5.1,ml,29,81.88,0.206,0.1391,nn,nn00402688,2022-08-06T13:35:55.840Z,"39 km N of Dyer, Nevada",earthquake,,2.6,0.33,4,reviewed,nn,nn
2013-01-24T23:25:51.220Z,38.5598333,-119.6155,4.838,4,mw,30,108,0.1153,0.07,nc,nc71928201,2022-08-06T13:20:44.122Z,"9 km W of Coleville, California",earthquake,0.19,0.91,,5,reviewed,nc,nc
2012-12-22T21:37:45.140Z,32.9966667,-116.2388333,7.065,4.02,ml,99,43,0.1863,0.17,ci,ci15267105,2022-08-06T12:52:19.081Z,"19km SSW of Ocotillo Wells, CA",earthquake,0.14,0.63,0.167,216,reviewed,ci,ci
2012-10-21T06:55:09.510Z,36.3096667,-120.856,8.619,5.29,mw,100,68,0.06126,0.13,nc,nc71863625,2022-08-06T12:13:01.276Z,"24 km NE of San Lucas, California",earthquake,0.17,0.42,,5,reviewed,nc,nc
2012-10-19T02:51:56.230Z,32.18,-115.2095,9.624,4.01,mw,12,200,0.2521,0.26,ci,ci15232441,2022-08-06T12:10:59.987Z,"6km SW of Alberto Oviedo Mota, B.C., MX",earthquake,1.22,31.61,,4,reviewed,ci,ci
2012-10-08T00:39:08.340Z,33.0123333,-116.3115,10.798,4.16,ml,96,26,0.1519,0.2,ci,ci15226257,2022-08-06T12:03:37.934Z,"22km SW of Ocotillo Wells, CA",earthquake,0.16,1.19,0.176,204,reviewed,ci,ci
2012-10-02T08:28:14.960Z,32.8046667,-116.1438333,9.906,4.14,mw,88,29,0.1568,0.25,ci,ci15223417,2022-08-06T12:01:10.106Z,"16km WNW of Ocotillo, CA",earthquake,0.2,1.38,,6,reviewed,ci,ci
2012-09-25T15:15:09.890Z,39.1678333,-123.1658333,10.841,4.51,mw,92,30,0.1117,0.16,nc,nc71847715,2022-08-06T11:54:36.769Z,"3 km N of Talmage, California",earthquake,0.15,0.33,,6,reviewed,nc,nc
2012-09-24T22:55:13.690Z,31.8735,-114.9953333,9.614,4.04,ml,10,143,0.6045,0.31,ci,ci15220393,2016-03-11T08:50:48.890Z,"36km S of Estacion Coahuila, B.C., MX",earthquake,0.99,31.61,0.225,116,reviewed,ci,ci
2012-09-14T11:53:17.520Z,40.4426667,-124.1856667,26.944,4.43,mw,22,83,0.05586,0.17,nc,nc71842075,2022-08-06T11:47:45.857Z,"8 km WSW of Scotia, California",earthquake,0.4,0.43,,4,reviewed,nc,nc
2012-09-07T13:23:48.140Z,36.1206667,-119.9986667,10.012,4.06,mw,156,32,0.1081,0.25,nc,nc71839170,2022-08-06T11:42:21.792Z,"12 km NNW of Kettleman City, California",earthquake,0.23,0.5,,6,reviewed,nc,nc
2012-08-29T20:31:00.350Z,33.906,-117.7876667,9.05,4.13,ml,126,25,,0.2,ci,ci15207433,2022-08-06T11:35:32.862Z,"3km NE of Yorba Linda, CA",earthquake,0.18,0.4,0.166,202,reviewed,ci,ci
2012-08-28T02:01:19.870Z,33.0043333,-115.5688333,4.423,4.24,mw,47,67,0.026,0.16,ci,ci15204969,2022-08-06T11:32:45.302Z,"4 km NW of Brawley, California",earthquake,0.27,0.51,,6,reviewed,ci,ci
2012-08-27T04:41:37.000Z,33.0211667,-115.5195,4.17,4.93,mw,40,82,0.04196,0.21,ci,ci15202921,2022-08-06T11:29:09.816Z,"5km NNE of Brawley, CA",earthquake,0.42,0.64,,6,reviewed,ci,ci
2012-08-26T23:33:25.130Z,33.028,-115.5305,7.47,4.63,mw,62,82,0.04411,0.22,ci,ci15201537,2022-08-06T11:27:52.798Z,"6km N of Brawley, CA",earthquake,0.26,0.63,,6,reviewed,ci,ci
2012-08-26T22:58:41.860Z,32.9876667,-115.5885,4.8,4.31,mw,44,61,0.03503,0.17,ci,ci15201297,2022-08-06T11:26:57.760Z,"6km W of Brawley, CA",earthquake,0.29,0.62,,4,reviewed,ci,ci
2012-08-26T21:15:29.150Z,33.0373333,-115.5346667,4.713,4.25,ml,51,49,0.05223,0.16,ci,ci15200489,2022-08-06T11:25:08.420Z,"6km N of Brawley, CA",earthquake,0.31,0.59,0.134,198,reviewed,ci,ci
2012-08-26T20:57:58.220Z,33.0185,-115.5403333,8.283,5.41,mw,47,47,0.0329,0.16,ci,ci15200401,2022-08-06T11:24:11.594Z,"4km NNW of Brawley, CA",earthquake,0.3,0.66,,6,reviewed,ci,ci
2012-08-26T19:40:12.920Z,32.9866667,-115.5966667,9.783,4.35,mw,54,58,0.04186,0.14,ci,ci15199721,2022-08-06T11:22:17.059Z,"6km SSE of Westmorland, CA",earthquake,0.23,0.5,,6,reviewed,ci,ci
2012-08-26T19:33:01.090Z,33.0135,-115.5591667,4.387,4.89,mw,50,75,0.02933,0.17,ci,ci15199689,2022-08-06T11:21:19.970Z,"5km NW of Brawley, CA",earthquake,0.29,0.47,,6,reviewed,ci,ci
2012-08-26T19:31:23.040Z,33.0171667,-115.5536667,8.323,5.32,mw,56,73,0.03163,0.21,ci,ci15199681,2024-07-18T06:11:35.923Z,"5km NNW of Brawley, CA",earthquake,0.32,0.72,,6,reviewed,ci,ci
2012-08-26T19:20:04.810Z,33.0158333,-115.5363333,4.79,4.59,mw,23,87,0.03107,0.12,ci,ci15199593,2022-08-06T11:19:14.399Z,"4km N of Brawley, CA",earthquake,0.39,0.48,,6,reviewed,ci,ci
2012-08-08T16:33:22.050Z,33.9035,-117.7906667,10.23,4.12,mw,162,15,0.07478,0.22,ci,ci15189281,2022-08-06T11:05:41.841Z,"3km NE of Yorba Linda, CA",earthquake,0.13,0.48,,6,reviewed,ci,ci
2012-08-08T06:23:34.160Z,33.9048333,-117.7916667,9.99,4.46,ml,163,16,0.07612,0.2,ci,ci15189073,2022-08-06T11:04:34.578Z,"3km NE of Yorba Linda, CA",earthquake,0.14,0.5,0.148,207,reviewed,ci,ci
2012-08-06T07:35:49.120Z,35.9498333,-120.5028333,11.004,4.45,mw,104,39,0.007207,0.11,nc,nc71827401,2022-08-06T11:02:32.537Z,"8 km NW of Parkfield, California",earthquake,0.13,0.2,,6,reviewed,nc,nc
2012-07-08T12:05:48.510Z,39.4795,-123.8041667,7.468,4.42,mw,39,173,0.2081,0.26,nc,nc71812891,2022-08-06T10:48:02.908Z,"1 km SW of Cleone, California",earthquake,0.5,0.81,,2,reviewed,nc,nc
2012-07-01T07:54:20.470Z,32.1863333,-115.267,9.641,4.09,mw,11,195,0.2347,0.2,ci,ci11129994,2022-08-06T10:40:28.154Z,"10km WSW of Alberto Oviedo Mota, B.C., MX",earthquake,0.95,31.61,,6,reviewed,ci,ci
2012-07-01T06:36:06.350Z,32.2131667,-115.2886667,9.641,4.68,mw,14,189,0.2062,0.22,ci,ci11129914,2022-08-06T10:39:21.196Z,"11km W of Alberto Oviedo Mota, B.C., MX",earthquake,1.24,31.61,,6,reviewed,ci,ci
2012-07-01T03:25:20.450Z,32.2071667,-115.3431667,2.821,4.64,mw,10,187,0.2142,0.24,ci,ci11129826,2022-08-06T10:38:19.228Z,"16km W of Alberto Oviedo Mota, B.C., MX",earthquake,1.26,8.28,,0,reviewed,ci,ci
2012-06-23T03:51:57.296Z,39.3178,-119.9904,6.4,4.2,ml,27,42.03,0.044,0.1254,nn,nn00380267,2022-08-06T10:32:34.820Z,"7 km NNW of Incline Village, Nevada",earthquake,,1.4,0.15,7,reviewed,nn,nn
2012-06-10T22:45:42.910Z,32.105,-115.735,10.606,4.02,ml,31,193,0.2066,0.26,ci,ci15162881,2022-08-06T10:27:18.727Z,"55km SSW of Progreso, B.C., MX",earthquake,0.59,1.79,0.192,186,reviewed,ci,ci
2012-05-22T15:06:24.530Z,32.6768333,-115.7031667,8.833,4.03,mw,47,130,0.0337,0.22,ci,ci15153497,2022-08-06T10:16:48.215Z,"16km NW of Progreso, B.C., MX",earthquake,0.4,0.59,,0,reviewed,ci,ci
2012-05-05T09:23:23.060Z,38.7956667,-122.7608333,1.825,4.25,mw,98,34,0.005405,0.07,nc,nc71776130,2022-08-06T10:02:57.025Z,"4 km SW of Cobb, California",earthquake,0.09,0.16,,13,reviewed,nc,nc
2012-04-28T21:25:08.420Z,32.1745,-115.2803333,9.653,4.15,ml,15,247,0.4765,0.25,ci,ci15141665,2022-08-06T10:00:56.253Z,"12km WSW of Alberto Oviedo Mota, B.C., MX",earthquake,1.54,31.61,0.18,187,reviewed,ci,ci
2012-04-17T20:31:35.110Z,40.9736667,-124.4221667,19.019,4.15,mw,64,188,0.336,0.14,nc,nc71766345,2022-08-06T09:52:20.969Z,"25 km WSW of Trinidad, California",earthquake,0.41,0.6,,6,reviewed,nc,nc
2012-02-29T01:27:29.170Z,32.2033333,-115.2825,9.962,4.2,mw,29,243,0.2164,0.46,ci,ci15115905,2022-08-06T09:18:49.977Z,"11km WSW of Alberto Oviedo Mota, B.C., MX",earthquake,1.55,31.61,,6,reviewed,ci,ci
2012-02-25T05:17:15.500Z,40.2795,-124.3138333,19.4,4.28,mw,19,183,0.03243,0.17,nc,nc71741671,2022-08-06T09:14:26.741Z,"28 km SW of Scotia, California",earthquake,0.77,0.32,,5,reviewed,nc,nc
2012-02-14T10:09:28.440Z,32.1991667,-115.2085,9.963,4.87,mw,17,244,0.2344,0.31,ci,ci11066877,2022-08-06T09:07:43.490Z,"5km SW of Alberto Oviedo Mota, B.C., MX",earthquake,2.8,31.61,,0,reviewed,ci,ci
2012-02-13T21:07:02.770Z,41.1431667,-123.7903333,27.358,5.6,mw,41,72,0.1766,0.27,nc,nc71734741,2022-08-06T09:06:40.577Z,"26 km NNW of Willow Creek, California",earthquake,0.43,1.19,,4,reviewed,nc,nc
2012-02-13T04:47:12.810Z,38.7926667,-122.7431667,0.477,4.16,mw,89,34,0.01081,0.07,nc,nc71729135,2022-08-06T09:10:51.642Z,"3 km SSW of Cobb, California",earthquake,0.09,0.15,,17,reviewed,nc,nc
2012-02-01T14:40:32.116Z,40.872,-115.0747,0,4,ml,11,257.37,2.52,0.1219,nn,nn00366908,2022-08-06T09:01:28.051Z,"28 km SSW of Wells, Nevada",earthquake,,15.4,0.26,4,reviewed,nn,nn
2012-01-18T13:31:42.420Z,32.4611667,-115.26,1.527,4.19,ml,28,141,0.05634,0.39,ci,ci15098716,2022-08-06T08:54:16.032Z,"13km NNW of Delta, B.C., MX",earthquake,1.28,3.06,0.193,181,reviewed,ci,ci
2012-01-03T14:18:56.110Z,33.1946667,-119.4491667,18.022,4.14,ml,14,206,,0.29,ci,ci11049285,2022-08-06T08:44:02.947Z,"7km SE of San Nicolas Is., CA",earthquake,1.1,0.85,0.126,28,reviewed,ci,ci
2011-12-30T15:34:29.360Z,32.1413333,-115.2975,9.971,4.2,mw,10,263,0.2774,0.27,ci,ci11047933,2022-08-06T08:41:57.219Z,"15km SW of Alberto Oviedo Mota, B.C., MX",earthquake,1.99,31.61,,5,reviewed,ci,ci
2011-11-09T06:40:23.524Z,39.2971,-115.7464,0,4,ml,6,212.81,0.957,0.0854,nn,nn00354699,2022-08-06T08:19:43.984Z,"30 km SE of Eureka, Nevada",earthquake,,0,0.48,3,reviewed,nn,nn
2011-11-01T15:38:22.830Z,35.6806667,-117.6196667,6.124,4.1,ml,42,55,0.1072,0.17,ci,ci15071220,2022-08-06T08:14:50.109Z,"8km NE of Ridgecrest, CA",earthquake,0.25,2.44,0.127,204,reviewed,ci,ci
2011-10-27T06:37:09.340Z,39.6055,-120.4715,11.974,4.73,mw,30,56,0.01892,0.07,nc,nc71671056,2022-08-06T08:10:47.285Z,"3 km WSW of Sattley, California",earthquake,0.24,0.49,,9,reviewed,nc,nc
2011-10-15T11:42:29.870Z,37.9068333,-118.5631667,7.253,4.03,mw,45,137,0.01081,0.08,nc,nc71664296,2022-08-06T08:03:29.325Z,"12 km NW of Benton, California",earthquake,0.26,0.68,,5,reviewed,nc,nc
2011-10-13T15:57:14.120Z,31.8105,-116.0158333,5.491,4.26,ml,10,132,0.555,0.2,ci,ci15062948,2022-08-06T08:01:33.514Z,"53km ENE of Maneadero, B.C., MX",earthquake,0.52,31.61,0.17,189,reviewed,ci,ci
2011-10-01T07:07:00.547Z,38.8967,-118.7657,3.9,4.8,ml,26,103.47,0.329,0.1538,nn,nn00349954,2022-08-06T07:57:21.860Z,"7 km SSE of Schurz, Nevada",earthquake,,3.1,0.37,11,reviewed,nn,nn
2011-09-28T11:54:04.496Z,39.9857,-117.8821,0,4.1,ml,24,213.07,0.953,0.1143,nn,nn00349385,2018-06-28T21:07:20.600Z,"54 km ESE of Lovelock, Nevada",earthquake,,0,0.28,16,reviewed,nn,nn
2011-09-14T14:44:51.020Z,33.953,-117.0758333,16.276,4.14,ml,97,34,0.08524,0.2,ci,ci11006189,2022-08-06T07:47:55.064Z,"4km SSW of Calimesa, CA",earthquake,0.2,0.4,0.137,190,reviewed,ci,ci
2011-09-13T20:18:09.440Z,32.081,-115.1751667,14.939,4.03,ml,12,147,0.355,0.19,ci,ci11005933,2022-08-06T07:46:49.890Z,"16km S of Alberto Oviedo Mota, B.C., MX",earthquake,1.37,31.61,0.229,162,reviewed,ci,ci
2011-09-01T20:47:07.950Z,34.3391667,-118.4748333,6.858,4.24,ml,118,19,0.03349,0.43,ci,ci11001205,2022-08-06T07:44:11.778Z,"7km NNW of Pacoima, CA",earthquake,0.29,0.75,0.172,207,reviewed,ci,ci
2011-08-27T07:18:21.150Z,36.5843333,-121.1808333,7.5,4.64,mw,97,31,0.08108,0.08,nc,nc71627835,2022-08-06T07:38:12.113Z,"21 km NE of Soledad, California",earthquake,0.11,0.3,,5,reviewed,nc,nc
2011-08-24T11:59:51.290Z,37.5456667,-118.8721667,7.639,4.23,mw,46,70,0.05586,0.04,nc,nc71625245,2022-08-06T07:33:51.778Z,"14 km W of Aspen Springs, California",earthquake,0.19,0.4,,6,reviewed,nc,nc
2011-08-17T21:04:38.761Z,38.4442,-118.7262,3.7,4,ml,21,60.5,0.034,0.1128,nn,nn00345424,2022-08-06T07:30:13.702Z,"12 km SW of Hawthorne, Nevada",earthquake,,1.4,0.09,8,reviewed,nn,nn
2011-08-09T23:30:39.470Z,32.0911667,-116.3696667,10.724,4.11,ml,26,160,0.3333,0.27,ci,ci10990213,2022-08-06T07:26:27.347Z,"34km NE of Ensenada, B.C., MX",earthquake,0.49,1.24,0.139,195,reviewed,ci,ci
2011-07-18T20:40:33.680Z,31.8165,-114.6905,9.884,4.31,ml,4,213,0.7444,0.35,ci,ci15020052,2022-08-06T07:15:08.206Z,"51km SE of Estacion Coahuila, B.C., MX",earthquake,1.93,31.61,0.193,163,reviewed,ci,ci
2011-07-15T10:37:58.090Z,31.9955,-115.1301667,9.939,4.05,ml,12,268,0.448,0.15,ci,ci15017828,2022-08-06T07:11:12.610Z,"25km SSW of Estacion Coahuila, B.C., MX",earthquake,1.6,31.61,0.208,175,reviewed,ci,ci
2011-07-11T01:58:54.040Z,32.8011667,-116.1498333,8.587,4.11,ml,59,48,0.1432,0.28,ci,ci15014900,2022-08-06T07:08:58.789Z,"16km WNW of Ocotillo, CA",earthquake,0.38,2.08,0.148,152,reviewed,ci,ci
2011-05-27T19:45:48.443Z,38.437,-118.73,2.6,4.1,ml,26,61.88,0.035,0.1257,nn,nn00338685,2022-08-06T06:42:19.858Z,"13 km SW of Hawthorne, Nevada",earthquake,,1.6,1.05,6,reviewed,nn,nn
2011-05-12T16:23:48.996Z,38.4122,-118.7392,3.6,4.3,ml,28,59.03,0.037,0.146,nn,nn00336893,2022-08-06T06:33:25.063Z,"15 km SW of Hawthorne, Nevada",earthquake,,1.3,1.12,6,reviewed,nn,nn
2011-05-03T21:41:49.820Z,36.3953333,-117.8703333,0.46,4.45,ml,33,52,0.164,0.18,ci,ci14978940,2022-08-06T06:30:09.482Z,"18km NE of Olancha, CA",earthquake,0.34,0.69,0.134,207,reviewed,ci,ci
2011-04-27T19:19:19.804Z,38.4158,-118.7007,0.9,4.2,ml,54,55.37,0.058,0.2109,nn,nn00424319,2018-06-28T20:57:05.997Z,"13 km SSW of Hawthorne, Nevada",earthquake,,1.2,0.48,12,reviewed,nn,nn
2011-04-17T00:55:46.120Z,38.3673,-118.7496,6.1,4,ml,45,84.22,0.305,0.2519,nn,nn00333406,2018-06-28T20:54:39.232Z,"20 km SSW of Hawthorne, Nevada",earthquake,,2.1,0.29,10,reviewed,nn,nn
2011-04-17T00:45:37.080Z,38.3891,-118.7433,5.1,4.6,ml,33,56.28,0.295,0.1647,nn,nn00424006,2018-06-28T20:54:38.942Z,"18 km SW of Hawthorne, Nevada",earthquake,,3.4,0.29,8,reviewed,nn,nn
2011-04-16T09:46:32.037Z,38.2835,-118.2052,14.8,4,ml,15,116.05,0.425,0.1015,nn,nn00423604,2018-06-28T20:54:27.247Z,"14 km SW of Mina, Nevada",earthquake,,2.3,0,1,reviewed,nn,nn
2011-04-15T17:24:24.967Z,38.3927,-118.7447,8,4,ml,27,56.89,0.293,0.1317,nn,nn00340803,2022-08-07T08:28:54.671Z,"18 km SW of Hawthorne, Nevada",earthquake,,2.6,0.4,6,reviewed,nn,nn
2011-04-15T13:33:55.611Z,38.3827,-118.7269,5.9,4.1,ml,55,53.92,0.293,0.3182,nn,nn00333159,2023-08-26T00:34:23.623Z,"18 km SSW of Hawthorne, Nevada",earthquake,,1.6,0.28,19,reviewed,nn,nn
2011-04-13T22:16:08.676Z,38.3796,-118.7537,6.8,4.1,ml,19,56.04,0.308,0.1722,nn,nn00332883,2018-06-28T20:53:43.260Z,"19 km SW of Hawthorne, Nevada",earthquake,,4.9,0.27,5,reviewed,nn,nn
2011-04-13T22:10:08.318Z,38.3686,-118.7508,6,4.4,ml,30,57.31,0.306,0.1668,nn,nn00423257,2022-08-07T08:28:01.302Z,"20 km SSW of Hawthorne, Nevada",earthquake,,2.6,0.25,7,reviewed,nn,nn
2011-04-11T00:22:20.865Z,38.3747,-118.7455,4.4,4.1,ml,35,54.72,0.308,0.2055,nn,nn00332476,2022-08-06T06:18:15.122Z,"19 km SSW of Hawthorne, Nevada",earthquake,,2.8,0.19,8,reviewed,nn,nn
2011-04-09T08:58:49.220Z,32.6055,-115.7236667,9.328,4.13,ml,34,199,0.04377,0.36,ci,ci10922333,2022-08-06T06:17:19.806Z,"13km WNW of Progreso, B.C., MX",earthquake,1,2.1,0.189,198,reviewed,ci,ci
2011-03-31T20:22:55.700Z,32.3391667,-115.2281667,10.63,4.35,ml,13,229,0.1032,0.29,ci,ci14960652,2022-08-06T06:15:18.663Z,"4km WSW of Delta, B.C., MX",earthquake,1.95,3.59,0.166,44,reviewed,ci,ci
2011-03-01T02:19:47.010Z,38.8153333,-122.82,2.269,4.43,mw,88,24,0.00991,0.08,nc,nc71530230,2022-08-06T05:53:56.653Z,"8 km W of Cobb, California",earthquake,0.11,0.18,,11,reviewed,nc,nc
2011-02-23T04:50:14.360Z,39.4938333,-122.9565,9.941,4.21,mw,40,69,0.01982,0.1,nc,nc71048354,2017-03-17T21:07:26.631Z,"23 km NE of Potter Valley, California",earthquake,0.14,0.28,,4,reviewed,nc,nc
2011-02-23T04:49:41.510Z,39.4993333,-122.9488333,11.431,4.29,mw,58,48,0.01441,0.13,nc,nc71527390,2022-08-06T05:52:58.497Z,"24 km NE of Potter Valley, California",earthquake,0.18,0.39,,4,reviewed,nc,nc
2011-02-20T19:34:39.980Z,32.0468333,-115.2518333,9.908,4.5,mw,5,310,0.3743,0.18,ci,ci14937988,2022-08-06T05:51:01.875Z,"22km SSW of Alberto Oviedo Mota, B.C., MX",earthquake,1.58,31.61,,0,reviewed,ci,ci
2011-02-18T17:47:35.770Z,32.047,-115.0621667,14.929,5.09,mw,11,270,0.4246,0.26,ci,ci14937372,2022-08-06T05:49:00.680Z,"17km SSW of Estacion Coahuila, B.C., MX",earthquake,3.98,31.61,,7,reviewed,ci,ci
2011-02-13T23:25:09.540Z,32.1706667,-115.2835,13.415,4.08,ml,12,248,0.2488,0.19,ci,ci10892285,2022-08-06T05:45:07.552Z,"12km WSW of Alberto Oviedo Mota, B.C., MX",earthquake,1.78,1.29,0.181,185,reviewed,ci,ci
2011-01-23T06:47:24.550Z,32.2165,-115.3213333,1.825,4.15,ml,13,243,0.2029,0.2,ci,ci14920876,2022-08-06T05:35:10.622Z,"14km W of Alberto Oviedo Mota, B.C., MX",earthquake,1.11,1.87,0.207,188,reviewed,ci,ci
2011-01-22T17:29:25.685Z,38.5374,-118.3814,8.8,4.2,ml,18,69.11,0.143,0.1308,nn,nn00326023,2024-01-17T21:02:34.040Z,"21 km E of Hawthorne, Nevada",earthquake,,2.5,0.04,2,reviewed,nn,nn
2011-01-12T08:51:03.680Z,36.7711667,-121.4963333,7.661,4.5,mw,134,35,0.01802,0.19,nc,nc71508850,2022-08-06T05:30:14.096Z,"9 km SSE of San Juan Bautista, California",earthquake,0.15,0.28,,16,reviewed,nc,nc
2011-01-08T00:10:16.740Z,37.2871667,-121.6581667,9.593,4.1,mw,244,55,0.03063,0.18,nc,nc71506865,2022-08-06T05:24:56.437Z,"15 km E of Seven Trees, California",earthquake,0.14,0.37,,10,reviewed,nc,nc
2010-12-23T12:37:35.020Z,32.4533333,-115.5636667,14.943,4.31,ml,21,185,0.2213,0.24,ci,ci10861221,2022-08-06T05:15:00.382Z,"14km S of Progreso, B.C., MX",earthquake,0.99,31.61,0.185,175,reviewed,ci,ci
2010-12-18T07:04:42.870Z,32.6696667,-115.8303333,9.918,4.15,ml,39,125,0.08091,0.19,ci,ci10859133,2022-08-06T05:12:40.876Z,"17km ESE of Ocotillo, CA",earthquake,0.42,0.89,0.173,194,reviewed,ci,ci
2010-12-15T19:16:47.910Z,33.0326667,-115.5431667,13.299,4.37,ml,44,48,0.06561,0.24,ci,ci14898996,2022-08-06T05:09:35.837Z,"6km NNW of Brawley, CA",earthquake,0.39,0.82,0.116,171,reviewed,ci,ci
2010-12-11T12:52:26.310Z,32.1633333,-115.2638333,13.005,4.71,mw,13,250,0.2578,0.18,ci,ci14895612,2022-08-06T05:07:35.065Z,"11km SW of Alberto Oviedo Mota, B.C., MX",earthquake,2.48,1.12,,6,reviewed,ci,ci
2010-12-09T09:02:28.360Z,32.6173333,-115.7706667,4.078,4.01,ml,38,133,0.04914,0.2,ci,ci14894372,2022-08-06T05:05:28.882Z,"18km WNW of Progreso, B.C., MX",earthquake,0.41,0.39,0.17,200,reviewed,ci,ci
2010-11-04T19:39:59.550Z,32.8645,-115.9973333,13.146,4.57,ml,64,39,0.03251,0.25,ci,ci10832573,2022-08-06T04:49:34.854Z,"14km N of Ocotillo, CA",earthquake,0.26,0.58,0.146,196,reviewed,ci,ci
2010-10-31T01:02:06.160Z,38.644,-119.5706667,5.761,4.28,mw,49,131,0.1946,0.09,nc,nc71481596,2022-08-06T04:48:30.587Z,"5 km WNW of Topaz, California",earthquake,0.2,1.13,,6,reviewed,nc,nc
2010-10-12T03:00:34.230Z,32.1581667,-115.2898333,5.535,4.27,ml,12,250,0.2609,0.19,ci,ci14858988,2022-08-06T04:40:27.210Z,"14km SW of Alberto Oviedo Mota, B.C., MX",earthquake,1.76,20.35,0.17,177,reviewed,ci,ci
2010-10-05T21:22:46.460Z,37.1392,-117.3779,6.5,4.1,ml,20,112.9,0.186,0.1345,nn,nn00318065,2022-08-06T04:38:19.516Z,"60 km WNW of Beatty, Nevada",earthquake,,1.6,0.18,7,reviewed,nn,nn
2010-09-30T08:37:35.971Z,37.1398,-117.3805,6.5,4.3,ml,20,112.92,0.187,0.165,nn,nn00429638,2018-06-13T20:59:25.990Z,"60 km WNW of Beatty, Nevada",earthquake,,2.5,0.51,6,reviewed,nn,nn
2010-09-20T00:30:02.400Z,32.0261667,-115.1083333,9.939,4.75,mw,9,272,0.4261,0.22,ci,ci14844244,2022-08-06T04:33:34.490Z,"21km SSW of Estacion Coahuila, B.C., MX",earthquake,4.9,31.61,,0,reviewed,ci,ci
2010-09-15T06:09:53.380Z,32.1646667,-115.2466667,13.745,4.48,mw,11,255,0.2589,0.2,ci,ci10798845,2022-08-06T04:32:35.879Z,"10km SW of Alberto Oviedo Mota, B.C., MX",earthquake,2.7,1.39,,6,reviewed,ci,ci
2010-09-14T10:52:18.000Z,32.0485,-115.1981667,9.939,4.96,mw,12,263,0.3808,0.21,ci,ci10798005,2022-08-06T04:31:31.041Z,"20km S of Alberto Oviedo Mota, B.C., MX",earthquake,1.95,31.61,,0,reviewed,ci,ci
2010-08-29T15:53:43.420Z,32.1803333,-115.293,9.955,4.28,ml,12,247,0.2387,0.22,ci,ci10788765,2022-08-06T04:27:28.756Z,"13km WSW of Alberto Oviedo Mota, B.C., MX",earthquake,2.41,31.61,0.189,349,reviewed,ci,ci
2010-08-24T21:43:39.960Z,32.3633333,-115.411,9.966,4.22,ml,15,223,0.3903,0.3,ci,ci10785477,2022-08-06T04:24:29.452Z,"20km W of Delta, B.C., MX",earthquake,1.57,31.61,0.19,344,reviewed,ci,ci
2010-08-06T17:39:31.670Z,33.979,-116.4431667,7.177,4.05,ml,94,25,0.04774,0.18,ci,ci10771621,2022-08-06T04:12:27.692Z,"6km ENE of Desert Hot Springs, CA",earthquake,0.18,0.72,0.17,430,reviewed,ci,ci
2010-07-30T11:13:46.792Z,38.622,-118.2112,11.1,4.1,ml,19,133.71,0.243,0.097,nn,nn00314505,2022-08-06T04:06:12.739Z,"27 km NNW of Mina, Nevada",earthquake,,1.6,0.09,2,reviewed,nn,nn
2010-07-20T21:48:30.301Z,40.0581,-119.636,12.7,4.2,ml,29,154.01,0.147,0.1093,nn,nn00314044,2022-08-06T03:57:57.535Z,"12 km NNW of Sutcliffe, Nevada",earthquake,,0.9,0.19,3,reviewed,nn,nn
2010-07-07T23:53:33.480Z,33.4173333,-116.4746667,12.318,5.42,mw,112,19,0.09786,0.23,ci,ci10736069,2022-08-06T03:46:43.497Z,"20km NNW of Borrego Springs, CA",earthquake,0.16,0.35,,7,reviewed,ci,ci
2010-07-06T16:38:05.230Z,32.218,-115.3461667,1.464,4.27,ml,13,243,0.2039,0.23,ci,ci14776012,2016-03-10T03:29:35.703Z,"17km W of Alberto Oviedo Mota, B.C., MX",earthquake,1.25,1.72,0.139,381,reviewed,ci,ci
2010-06-25T06:37:52.800Z,32.6188333,-115.7946667,6.413,4.17,ml,36,133,0.06515,0.31,ci,ci10724149,2022-08-06T03:36:13.052Z,"20km WNW of Progreso, B.C., MX",earthquake,0.59,2.95,0.142,347,reviewed,ci,ci
2010-06-17T09:05:38.190Z,32.0748333,-115.004,9.934,4.13,ml,8,269,0.428,0.4,ci,ci10160722,2016-03-10T07:56:00.925Z,"13km S of Estacion Coahuila, B.C., MX",earthquake,6.05,31.61,0.201,351,reviewed,ci,ci
2010-06-15T08:14:47.020Z,32.688,-115.9108333,3.536,4.15,ml,63,77,0.04178,0.3,ci,ci14747396,2018-06-20T16:19:08.580Z,"9km SE of Ocotillo, CA",earthquake,0.33,0.57,0.177,415,reviewed,ci,ci
2010-06-15T05:34:16.830Z,32.7088333,-115.9563333,5.328,4.35,ml,62,120,0.1246,0.28,ci,ci14746172,2022-08-06T03:20:53.498Z,"4km SE of Ocotillo, CA",earthquake,0.44,31.61,0.174,418,reviewed,ci,ci
2010-06-15T04:59:45.530Z,32.6995,-115.95,10.519,4.39,mw,60,121,0.1264,0.33,ci,ci14745932,2018-07-10T19:16:24.861Z,"6km SE of Ocotillo, CA",earthquake,0.48,1.26,,6,reviewed,ci,ci
2010-06-15T04:36:07.550Z,32.6996667,-115.9115,7.411,4.1,ml,38,121,0.1577,0.21,ci,ci14745636,2016-03-10T12:18:27.331Z,"9km ESE of Ocotillo, CA",earthquake,0.52,1.17,0.181,101,reviewed,ci,ci
2010-06-15T04:26:58.240Z,32.705,-115.9113333,8.756,5.71,mw,45,71,0.05832,0.2,ci,ci14745580,2025-08-10T18:44:50.070Z,"8km ESE of Ocotillo, CA",earthquake,0.41,0.83,,6,reviewed,ci,ci
2010-06-14T07:02:27.440Z,32.2345,-115.3095,9.993,4.46,mw,16,240,0.4131,0.13,ci,ci10703133,2022-08-06T03:13:59.610Z,"13km W of Alberto Oviedo Mota, B.C., MX",earthquake,1.82,31.61,,6,reviewed,ci,ci
2010-06-13T03:09:20.360Z,33.392,-116.3946667,4.196,4.23,ml,27,82,0.1249,0.32,ci,ci10701413,2016-03-10T12:17:53.816Z,"15km N of Borrego Springs, CA",earthquake,0.5,27.33,0.12,57,reviewed,ci,ci
2010-06-13T03:08:57.090Z,33.3833333,-116.4158333,11.156,4.45,mw,85,19,0.1148,0.26,ci,ci10701405,2022-08-06T03:11:56.193Z,"15km NNW of Borrego Springs, CA",earthquake,0.22,0.6,,5,reviewed,ci,ci
2010-06-12T15:29:25.436Z,37.4531,-117.5215,5.3,4.4,ml,27,87.25,0.475,0.1332,nn,nn00312414,2022-08-06T03:10:41.083Z,"California-Nevada border region",earthquake,,2,0.28,9,reviewed,nn,nn
2010-06-11T20:51:11.790Z,32.405,-115.1896667,14.977,4.27,mw,19,215,0.3153,0.22,ci,ci10700429,2016-03-10T01:51:41.570Z,"6km N of Delta, B.C., MX",earthquake,1.36,22.29,,6,reviewed,ci,ci
2010-06-10T22:07:14.120Z,32.1146667,-115.0905,14.944,4.14,ml,13,264,0.3541,0.26,ci,ci10699845,2016-03-10T23:35:23.180Z,"12km SW of Estacion Coahuila, B.C., MX",earthquake,3.5,31.61,0.198,141,reviewed,ci,ci
2010-06-03T18:10:03.780Z,32.7006667,-115.907,7.635,4.09,ml,40,69,0.02061,0.17,ci,ci14733516,2022-08-06T03:04:47.453Z,"9km ESE of Ocotillo, CA",earthquake,0.37,0.83,0.141,189,reviewed,ci,ci
2010-06-02T16:07:49.610Z,32.1805,-115.1955,14.939,4.02,mw,16,248,0.2557,0.2,ci,ci14732212,2022-08-06T03:01:41.803Z,"6km SSW of Alberto Oviedo Mota, B.C., MX",earthquake,2.95,20.98,,6,reviewed,ci,ci
2010-05-27T20:28:27.890Z,32.2503333,-115.2881667,14.258,4.34,mw,20,239,0.1693,0.16,ci,ci14725676,2022-08-06T02:57:43.747Z,"11km WNW of Alberto Oviedo Mota, B.C., MX",earthquake,1.05,1.27,,5,reviewed,ci,ci
2010-05-26T03:57:29.270Z,32.2035,-117.604,16.786,4.22,ml,11,233,0.6981,0.21,ci,ci14723540,2022-08-06T02:56:36.803Z,"56km WSW of Rosarito, B.C., MX",earthquake,1.07,31.61,0.128,429,reviewed,ci,ci
2010-05-24T05:21:07.140Z,32.669,-115.8223333,10.535,4.15,ml,46,69,0.01707,0.19,ci,ci14720724,2022-08-06T02:54:11.541Z,"18km ESE of Ocotillo, CA",earthquake,0.32,0.55,0.167,162,reviewed,ci,ci
2010-05-22T17:33:17.900Z,32.6243333,-115.7683333,7.493,4.6,mw,32,131,0.04329,0.14,ci,ci14718764,2022-08-06T02:48:48.318Z,"18km WNW of Progreso, B.C., MX",earthquake,0.56,0.76,,6,reviewed,ci,ci
2010-05-22T17:30:58.170Z,32.6168333,-115.7563333,8.073,4.9,mw,38,132,0.0411,0.17,ci,ci14718756,2022-08-06T02:47:40.828Z,"17km WNW of Progreso, B.C., MX",earthquake,0.54,0.69,,0,reviewed,ci,ci
2010-05-22T04:53:18.630Z,32.7156667,-115.9476667,9.019,4.03,ml,35,75,0.02888,0.17,ci,ci14718212,2016-03-10T00:19:04.260Z,"5km ESE of Ocotillo, CA",earthquake,0.3,0.58,0.18,195,reviewed,ci,ci
2010-05-20T09:26:25.860Z,32.6771667,-115.8558333,5.745,4.15,mw,37,109,0.03616,0.15,ci,ci14715540,2022-08-06T02:44:14.301Z,"14km ESE of Ocotillo, CA",earthquake,0.37,1.24,,5,reviewed,ci,ci
2010-05-19T14:39:26.430Z,32.6453333,-115.7415,5.195,4.04,ml,37,127,0.01336,0.19,ci,ci10673037,2022-08-06T02:43:08.695Z,"16km WNW of Progreso, B.C., MX",earthquake,0.51,1.01,0.175,192,reviewed,ci,ci
2010-05-19T00:38:59.780Z,32.6601667,-115.8253333,8.913,4.53,mw,32,80,0.008128,0.18,ci,ci10671989,2022-08-06T02:41:01.008Z,"18km ESE of Ocotillo, CA",earthquake,0.55,0.61,,0,reviewed,ci,ci
2010-05-15T08:45:29.370Z,32.1913333,-115.246,15.869,4.05,ml,19,252,0.1817,0.18,ci,ci10667021,2016-03-10T03:15:58.577Z,"8km WSW of Alberto Oviedo Mota, B.C., MX",earthquake,1.37,1.69,0.167,180,reviewed,ci,ci
2010-05-15T08:38:54.720Z,32.2078333,-115.2625,16.249,4.29,mw,17,250,0.1839,0.16,ci,ci10667013,2022-08-06T02:35:27.906Z,"9km WSW of Alberto Oviedo Mota, B.C., MX",earthquake,1.57,1.76,,6,reviewed,ci,ci
2010-05-09T03:33:43.970Z,32.6726667,-115.8121667,6.363,4.05,ml,52,88,0.02324,0.21,ci,ci10658421,2022-08-06T02:30:10.686Z,"18km ESE of Ocotillo, CA",earthquake,0.32,0.67,0.135,207,reviewed,ci,ci
2010-05-08T19:23:06.270Z,35.0081667,-119.2678333,16.276,4.27,ml,56,29,0.05968,0.19,ci,ci10657701,2022-08-06T02:29:07.216Z,"13km ESE of Maricopa, CA",earthquake,0.26,0.57,0.161,215,reviewed,ci,ci
2010-05-08T18:46:27.460Z,32.6755,-115.8101667,2.383,4.69,mw,43,88,0.02652,0.18,ci,ci10657549,2022-08-06T02:27:59.474Z,"18km ESE of Ocotillo, CA",earthquake,0.32,0.52,,6,reviewed,ci,ci
2010-05-08T18:33:10.750Z,32.6815,-115.7971667,5.955,4.8,mw,54,97,0.02883,0.24,ci,ci10657533,2022-08-06T02:26:51.544Z,"19km ESE of Ocotillo, CA",earthquake,0.37,31.61,,0,reviewed,ci,ci
2010-05-06T09:01:41.100Z,32.7091667,-115.8763333,2.918,4.23,ml,45,40,0.01991,0.23,ci,ci14695916,2022-08-06T02:21:16.403Z,"11km ESE of Ocotillo, CA",earthquake,0.3,0.52,0.148,205,reviewed,ci,ci
2010-05-04T13:05:33.010Z,31.9023333,-115.0241667,9.246,4,ml,11,285,0.4017,0.21,ci,ci14692972,2016-03-10T06:18:42.732Z,"32km S of Estacion Coahuila, B.C., MX",earthquake,1.67,31.61,0.171,147,reviewed,ci,ci
2010-05-04T11:26:32.050Z,32.2636667,-115.2866667,14.059,4.68,ml,21,224,0.1562,0.26,ci,ci14692836,2022-08-06T02:17:20.744Z,"12km WNW of Alberto Oviedo Mota, B.C., MX",earthquake,1.56,1.04,0.156,193,reviewed,ci,ci
2010-04-29T17:51:15.810Z,32.6125,-115.7673333,6.085,4.03,mw,46,164,0.03587,0.17,ci,ci14686028,2022-08-06T02:15:23.369Z,"18km WNW of Progreso, B.C., MX",earthquake,0.38,0.43,,5,reviewed,ci,ci
2010-04-27T10:55:35.720Z,32.6921667,-115.8465,3.278,4.58,mw,43,56,0.02767,0.23,ci,ci14682004,2022-08-06T02:12:05.840Z,"14km ESE of Ocotillo, CA",earthquake,0.3,0.46,,6,reviewed,ci,ci
2010-04-22T17:12:13.050Z,32.6595,-115.8075,5.315,4.63,ml,40,125,0.0165,0.21,ci,ci10629477,2022-08-06T02:07:48.245Z,"19km ESE of Ocotillo, CA",earthquake,0.41,0.34,0.133,408,reviewed,ci,ci
2010-04-22T14:22:03.390Z,32.6703333,-115.8073333,4.945,4.21,mw,37,100,0.02354,0.21,ci,ci10629213,2022-08-06T02:06:39.872Z,"19km ESE of Ocotillo, CA",earthquake,0.4,0.3,,6,reviewed,ci,ci
2010-04-21T10:37:14.570Z,32.5258333,-115.6181667,12.993,4.15,ml,40,142,0.1533,0.14,ci,ci10627653,2022-08-06T02:03:37.710Z,"7km SSW of Progreso, B.C., MX",earthquake,0.61,0.88,0.144,190,reviewed,ci,ci
2010-04-19T04:26:08.310Z,32.6953333,-115.8426667,9.05,4.21,ml,53,52,0.02585,0.18,ci,ci10622405,2022-08-06T02:01:36.587Z,"15km ESE of Ocotillo, CA",earthquake,0.27,0.4,0.161,199,reviewed,ci,ci
2010-04-17T16:09:54.080Z,32.3096667,-115.3425,8.971,4.12,mw,22,209,0.114,0.21,ci,ci10618341,2022-08-06T01:59:31.965Z,"15km WSW of Delta, B.C., MX",earthquake,1.15,1.29,,5,reviewed,ci,ci
2010-04-16T15:44:29.860Z,32.2963333,-115.346,9.432,4,mw,17,218,0.2284,0.12,ci,ci10615725,2016-03-10T07:36:21.948Z,"16km WSW of Delta, B.C., MX",earthquake,1.51,15.77,,5,reviewed,ci,ci
2010-04-15T10:20:46.910Z,32.096,-115.0111667,16.603,4.73,mw,7,311,0.2135,0.08,ci,ci10612285,2022-08-06T01:57:32.842Z,"11km S of Estacion Coahuila, B.C., MX",earthquake,2.62,1.51,,6,reviewed,ci,ci
2010-04-15T09:21:37.780Z,32.0338333,-115.057,9.386,4.38,ml,11,273,,0.13,ci,ci31829759,2016-03-10T12:00:15.055Z,"18km SSW of Estacion Coahuila, B.C., MX",earthquake,2.42,1.06,0.136,127,reviewed,ci,ci
2010-04-15T09:20:37.380Z,32.0251667,-115.0638333,17.92,4.38,mw,15,272,,0.29,ci,ci10612165,2022-08-06T01:56:26.786Z,"20km SSW of Estacion Coahuila, B.C., MX",earthquake,2.88,1.61,,6,reviewed,ci,ci
2010-04-14T22:34:54.360Z,32.1901667,-115.1923333,13.979,4.37,ml,18,252,0.1492,0.22,ci,ci10610941,2016-03-10T09:02:43.797Z,"5km SSW of Alberto Oviedo Mota, B.C., MX",earthquake,1.36,31.61,0.212,181,reviewed,ci,ci
2010-04-11T16:42:04.040Z,32.3326667,-115.318,17.552,4.36,mw,21,199,0.2067,0.14,ci,ci10602453,2022-08-06T01:48:20.791Z,"12km WSW of Delta, B.C., MX",earthquake,0.92,2.44,,6,reviewed,ci,ci
2010-04-10T09:12:28.030Z,32.6753333,-115.7581667,9.715,4.5,mw,45,55,0.00853,0.2,ci,ci10597061,2022-08-06T01:44:56.777Z,"20km WNW of Progreso, B.C., MX",earthquake,0.35,0.52,,0,reviewed,ci,ci
2010-04-09T23:05:42.000Z,32.1818333,-115.245,12.267,4.7,mw,21,247,0.187,0.16,ci,ci10595133,2022-08-06T01:35:53.280Z,"9km SW of Alberto Oviedo Mota, B.C., MX",earthquake,1.16,1.37,,0,reviewed,ci,ci
2010-04-09T20:53:26.560Z,32.308,-115.3591667,9.432,4.08,ml,29,209,0.2395,0.24,ci,ci10594757,2022-08-06T01:34:24.481Z,"16km WSW of Delta, B.C., MX",earthquake,1.17,31.61,0.174,196,reviewed,ci,ci
2010-04-09T05:32:14.470Z,32.176,-115.3063333,14.427,4.4,ml,18,248,0.2323,0.24,ci,ci10591725,2022-08-06T01:33:14.863Z,"14km WSW of Alberto Oviedo Mota, B.C., MX",earthquake,1.66,31.61,0.177,196,reviewed,ci,ci
2010-04-09T00:19:01.070Z,32.2828333,-115.3976667,9.438,4.05,ml,18,218,0.2728,0.23,ci,ci10590725,2016-03-10T11:54:02.790Z,"21km WSW of Delta, B.C., MX",earthquake,0.99,31.61,0.155,187,reviewed,ci,ci
2010-04-08T16:44:25.010Z,32.1646667,-115.2683333,9.985,5.29,mw,20,249,0.4901,0.2,ci,ci10589037,2022-08-06T01:25:22.927Z,"12km SW of Alberto Oviedo Mota, B.C., MX",earthquake,1.52,31.61,,6,reviewed,ci,ci
2010-04-08T15:44:58.950Z,32.61,-115.7611667,7.755,4.42,ml,42,186,0.03814,0.18,ci,ci10588789,2022-08-06T01:30:54.119Z,"17km WNW of Progreso, B.C., MX",earthquake,0.54,0.45,0.159,206,reviewed,ci,ci
2010-04-08T02:47:57.030Z,32.6855,-115.7635,3.99,4.23,mw,45,93,0.01576,0.23,ci,ci10585381,2022-08-06T01:45:18.151Z,"20km NW of Progreso, B.C., MX",earthquake,0.39,0.53,,6,reviewed,ci,ci
2010-04-08T00:25:37.920Z,32.2156667,-115.2586667,9.985,4.01,mw,17,243,0.445,0.18,ci,ci10584821,2022-08-06T01:21:14.454Z,"8km W of Alberto Oviedo Mota, B.C., MX",earthquake,1.46,31.61,,4,reviewed,ci,ci
2010-04-07T21:00:45.380Z,32.3156667,-115.2588333,14.994,4.3,ml,12,233,0.4815,0.23,ci,ci10204370,2016-03-10T08:55:17.962Z,"8km SW of Delta, B.C., MX",earthquake,2.11,31.61,0.209,185,reviewed,ci,ci
2010-04-07T06:36:26.750Z,31.9896667,-115.1001667,9.977,4.47,ml,11,275,0.7051,0.2,ci,ci14624220,2022-08-06T01:16:07.265Z,"24km SSW of Estacion Coahuila, B.C., MX",earthquake,3.86,31.61,0.17,183,reviewed,ci,ci
2010-04-07T05:21:41.570Z,32.7116667,-115.8923333,7.263,4.28,ml,18,132,0.03682,0.21,ci,ci30461759,2016-03-10T13:21:05.226Z,"10km ESE of Ocotillo, CA",earthquake,0.81,1.3,0.121,70,reviewed,ci,ci
2010-04-07T05:21:25.940Z,32.7335,-115.9045,1.947,4.27,ml,50,103,0.0467,0.22,ci,ci14623804,2022-08-06T01:13:58.707Z,"8km E of Ocotillo, CA",earthquake,0.31,0.51,0.131,68,reviewed,ci,ci
2010-04-07T04:23:45.470Z,31.9951667,-115.0411667,9.977,4.36,ml,8,276,0.6936,0.14,ci,ci14623588,2016-03-10T11:51:23.075Z,"22km S of Estacion Coahuila, B.C., MX",earthquake,1.75,31.61,0.19,91,reviewed,ci,ci
2010-04-06T22:09:10.430Z,32.6331667,-115.753,1.043,4.23,ml,34,189,0.02764,0.23,ci,ci14622036,2016-03-10T13:20:33.771Z,"17km WNW of Progreso, B.C., MX",earthquake,0.52,0.58,0.142,205,reviewed,ci,ci
2010-04-06T17:31:16.940Z,32.055,-115.0818333,9.97,4.28,ml,7,277,0.6691,0.2,ci,ci14620676,2016-03-10T19:41:16.025Z,"17km SSW of Estacion Coahuila, B.C., MX",earthquake,4.35,31.61,0.18,187,reviewed,ci,ci
2010-04-06T16:23:57.550Z,32.1443333,-115.307,9.995,4.24,ml,9,258,0.616,0.22,ci,ci14620452,2022-08-06T01:09:32.801Z,"16km SW of Alberto Oviedo Mota, B.C., MX",earthquake,4.07,31.61,0.14,192,reviewed,ci,ci
2010-04-06T10:06:37.750Z,32.6651667,-115.8106667,1.733,4.51,ml,39,158,0.07283,0.23,ci,ci14618772,2022-08-06T01:06:22.600Z,"19km ESE of Ocotillo, CA",earthquake,0.46,0.67,0.13,209,reviewed,ci,ci
2010-04-06T08:12:23.620Z,31.8315,-115.0126667,9.961,4.67,ml,9,289,0.8188,0.16,ci,ci14618236,2022-08-06T01:08:26.750Z,"40km S of Estacion Coahuila, B.C., MX",earthquake,5.92,31.61,0.152,273,reviewed,ci,ci
2010-04-06T04:12:21.260Z,32.5936667,-115.7738333,3.983,4.56,ml,34,195,0.06844,0.23,ci,ci14617100,2022-08-06T01:01:32.477Z,"18km W of Progreso, B.C., MX",earthquake,0.45,0.53,0.132,174,reviewed,ci,ci
2010-04-06T01:58:14.550Z,32.2786667,-115.3513333,9.995,4.46,ml,15,241,0.487,0.23,ci,ci14616484,2016-03-10T13:19:08.080Z,"17km WSW of Delta, B.C., MX",earthquake,1.29,31.61,0.148,170,reviewed,ci,ci
2010-04-06T01:23:00.820Z,32.2151667,-115.0715,9.994,4.51,ml,7,263,0.5276,0.4,ci,ci14616380,2022-08-06T01:07:25.178Z,"7km WNW of Estacion Coahuila, B.C., MX",earthquake,4.77,31.61,0.229,189,reviewed,ci,ci
2010-04-06T00:56:40.710Z,32.0913333,-115.2193333,9.986,4.11,ml,9,264,0.6757,0.1,ci,ci14616212,2022-08-06T01:00:11.373Z,"16km SSW of Alberto Oviedo Mota, B.C., MX",earthquake,2.92,31.61,0.137,178,reviewed,ci,ci
2010-04-05T16:25:47.110Z,32.078,-115.2681667,9.986,4.26,ml,9,265,0.6891,0.18,ci,ci14613932,2016-03-10T02:50:15.703Z,"19km SSW of Alberto Oviedo Mota, B.C., MX",earthquake,4.11,31.61,0.149,193,reviewed,ci,ci
2010-04-05T14:11:46.200Z,32.6953333,-115.781,4.473,4.04,ml,10,115,0.06501,0.16,ci,ci10177010,2016-03-10T11:48:16.631Z,"20km ESE of Ocotillo, CA",earthquake,0.89,1.16,0.306,15,reviewed,ci,ci
2010-04-05T14:07:04.550Z,32.1953333,-115.3335,9.979,4.08,ml,12,252,0.6133,0.15,ci,ci14613348,2016-03-10T13:18:15.653Z,"16km WSW of Alberto Oviedo Mota, B.C., MX",earthquake,2.33,31.61,0.138,177,reviewed,ci,ci
2010-04-05T13:33:05.360Z,32.6401667,-115.8018333,0.002,4.73,mw,36,188,0.06431,0.23,ci,ci14613212,2022-08-06T00:51:39.120Z,"21km ESE of Ocotillo, CA",earthquake,0.51,0.83,,6,reviewed,ci,ci
2010-04-05T11:14:14.890Z,32.6638333,-115.8088333,13.653,4.93,mw,37,160,0.07104,0.29,ci,ci14612516,2022-08-06T00:49:12.642Z,"19km ESE of Ocotillo, CA",earthquake,0.73,0.84,,0,reviewed,ci,ci
2010-04-05T10:09:24.920Z,32.2416667,-115.1888333,14.994,4.07,ml,8,260,0.5251,0.28,ci,ci14612188,2016-03-10T04:21:42.983Z,"2km NW of Alberto Oviedo Mota, B.C., MX",earthquake,4.73,31.61,0.168,175,reviewed,ci,ci
2010-04-05T10:05:37.080Z,32.634,-115.8093333,10.063,4,ml,34,188,0.07164,0.23,ci,ci14612172,2022-08-06T00:46:53.098Z,"21km ESE of Ocotillo, CA",earthquake,0.61,1.12,0.147,207,reviewed,ci,ci
2010-04-05T07:15:34.590Z,32.279,-115.3505,9.979,4.13,ml,12,241,0.5311,0.19,ci,ci14611332,2016-03-10T16:23:22.147Z,"17km WSW of Delta, B.C., MX",earthquake,1.71,31.61,0.147,189,reviewed,ci,ci
2010-04-05T06:17:00.520Z,32.63,-115.8,7.103,4.19,ml,34,189,0.06504,0.2,ci,ci14610940,2022-08-06T00:45:50.643Z,"21km WNW of Progreso, B.C., MX",earthquake,0.64,2.37,0.14,358,reviewed,ci,ci
2010-04-05T04:55:23.170Z,31.922,-114.977,10,4,mb,57,103.8,,1.4,us,usp000hafz,2014-11-07T01:41:11.816Z,"11 km S of Ejido Doctor Alberto Oviedo Mota (El Indiviso), Mexico",earthquake,,,,9,reviewed,us,us
2010-04-05T04:10:13.840Z,32.39,-115.5833333,14.966,4.29,ml,22,273,0.2854,0.2,ci,ci14610172,2016-03-10T13:17:13.723Z,"21km S of Progreso, B.C., MX",earthquake,1.73,31.61,0.135,174,reviewed,ci,ci
2010-04-05T03:32:07.260Z,32.2095,-115.2651667,9.987,4.4,ml,10,249,0.5788,0.35,ci,ci14609924,2016-03-10T21:28:20.814Z,"9km WSW of Alberto Oviedo Mota, B.C., MX",earthquake,2.69,31.61,0.189,125,reviewed,ci,ci
2010-04-05T03:15:24.770Z,32.6465,-115.8055,1.243,4.96,ml,35,181,0.06681,0.21,ci,ci14609660,2022-08-06T00:44:45.402Z,"20km ESE of Ocotillo, CA",earthquake,0.71,0.9,0.142,178,reviewed,ci,ci
2010-04-05T03:11:01.740Z,32.0863333,-115.0346667,9.97,4.41,ml,10,273,0.6192,0.26,ci,ci30237759,2016-03-10T16:22:53.003Z,"12km SSW of Estacion Coahuila, B.C., MX",earthquake,3.12,31.61,0.197,158,reviewed,ci,ci
2010-04-05T02:54:34.450Z,32.4728333,-115.6293333,13.771,4.25,ml,31,200,0.2711,0.25,ci,ci14609500,2016-03-10T11:47:17.187Z,"13km SSW of Progreso, B.C., MX",earthquake,1.17,0.82,0.136,172,reviewed,ci,ci
2010-04-05T02:47:27.410Z,32.2851667,-115.3025,10.003,4.51,ml,15,239,0.5262,0.19,ci,ci30389759,2020-06-27T07:25:08.642Z,"13km SW of Delta, B.C., MX",earthquake,1.36,31.61,0.169,198,reviewed,ci,ci
2010-04-05T01:52:25.420Z,32.5933333,-115.7733333,4.085,4.68,ml,35,195,0.1369,0.23,ci,ci14608980,2017-02-08T01:33:20.320Z,"18km W of Progreso, B.C., MX",earthquake,0.64,0.67,0.159,74,reviewed,ci,ci
2010-04-05T01:42:51.620Z,32.139,-115.2135,9.986,4.09,ml,10,258,0.6289,0.19,ci,ci30333759,2016-03-10T16:22:42.635Z,"11km SSW of Alberto Oviedo Mota, B.C., MX",earthquake,3.39,31.61,0.157,156,reviewed,ci,ci
2010-04-05T01:25:34.670Z,32.1445,-115.1148333,10.015,4.64,mw,9,302,0.7162,0.19,ci,ci30213759,2017-02-08T04:55:18.367Z,"11km SSE of Alberto Oviedo Mota, B.C., MX",earthquake,1.51,31.61,,0,reviewed,ci,ci
2010-04-05T01:07:14.020Z,32.0268333,-115.1736667,9.96,4.01,ml,4,280,0.728,0.01,ci,ci30669759,2016-03-10T23:02:36.057Z,"22km S of Alberto Oviedo Mota, B.C., MX",earthquake,4.12,31.61,0.183,182,reviewed,ci,ci
2010-04-05T01:06:40.400Z,32.2475,-115.4318333,9.966,4.2,ml,17,241,0.4718,0.21,ci,ci14608692,2016-03-10T07:22:46.071Z,"25km W of Alberto Oviedo Mota, B.C., MX",earthquake,1.27,31.61,0.167,169,reviewed,ci,ci
2010-04-05T00:58:51.560Z,32.289,-115.3328333,10.015,4.09,ml,10,281,0.5238,0.38,ci,ci14608660,2016-03-10T21:28:00.456Z,"15km WSW of Delta, B.C., MX",earthquake,3.68,31.61,0.051,5,reviewed,ci,ci
2010-04-05T00:44:22.160Z,32.3066667,-115.4296667,9.955,4.01,ml,10,292,0.4974,0.29,ci,ci14608492,2016-03-10T13:16:57.122Z,"23km WSW of Delta, B.C., MX",earthquake,3.73,31.61,0.111,22,reviewed,ci,ci
2010-04-05T00:42:40.030Z,32.2806667,-115.3578333,9.963,4.15,ml,12,241,0.5285,0.32,ci,ci14608484,2016-03-10T10:19:41.773Z,"18km WSW of Delta, B.C., MX",earthquake,2.31,31.61,0.133,191,reviewed,ci,ci
2010-04-05T00:15:32.920Z,32.252,-115.1691667,9.962,4.17,ml,6,321,0.5101,0.15,ci,ci14608252,2016-03-10T04:20:48.473Z,"3km N of Alberto Oviedo Mota, B.C., MX",earthquake,4.59,31.61,0.233,9,reviewed,ci,ci
2010-04-05T00:07:07.920Z,31.9788333,-115.1341667,9.994,5.22,ml,9,276,0.7555,0.38,ci,ci10148002,2022-05-12T17:54:17.835Z,"27km SSW of Estacion Coahuila, B.C., MX",earthquake,7.67,31.61,0.156,123,reviewed,ci,ci
2010-04-04T23:48:45.530Z,32.1078333,-115.0635,9.962,4.04,ml,7,263,0.6199,0.24,ci,ci14608020,2021-03-10T00:09:51.634Z,"11km SSW of Estacion Coahuila, B.C., MX",earthquake,3.03,31.61,0.144,6,reviewed,ci,ci
2010-04-04T23:44:43.380Z,32.3156667,-115.3733333,10.015,4.03,ml,9,298,0.4917,0.18,ci,ci30317767,2016-03-10T23:02:26.281Z,"18km WSW of Delta, B.C., MX",earthquake,1.68,31.61,0.147,71,reviewed,ci,ci
2010-04-04T23:42:57.820Z,32.1295,-115.0258333,9.97,4.13,ml,8,269,0.5822,0.26,ci,ci14608004,2016-03-10T10:19:34.383Z,"8km SSW of Estacion Coahuila, B.C., MX",earthquake,4.09,31.61,0.18,173,reviewed,ci,ci
2010-04-04T23:37:33.490Z,32.4623333,-115.5978333,9.966,4.7,ml,22,244,0.2158,0.25,ci,ci14607972,2022-07-16T09:45:19.425Z,"13km S of Progreso, B.C., MX",earthquake,1.16,31.61,0.156,181,reviewed,ci,ci
2010-04-04T23:34:28.290Z,32.6025,-115.761,3.271,4.12,ml,23,198,0.1434,0.22,ci,ci14607964,2016-03-10T07:22:38.925Z,"17km W of Progreso, B.C., MX",earthquake,0.94,0.92,0.159,145,reviewed,ci,ci
2010-04-04T23:33:12.180Z,32.2853333,-115.3678333,9.995,4.39,ml,11,273,0.4729,0.25,ci,ci14607956,2016-03-10T16:22:32.792Z,"18km WSW of Delta, B.C., MX",earthquake,2.51,31.61,0.139,187,reviewed,ci,ci
2010-04-04T23:26:39.410Z,32.3935,-115.6555,5.566,4.43,ml,10,261,0.262,0.3,ci,ci10169114,2016-03-09T23:50:42.878Z,"22km SSW of Progreso, B.C., MX",earthquake,1.76,28.08,0.105,9,reviewed,ci,ci
2010-04-04T23:25:07.190Z,32.2661667,-115.2925,9.987,5.38,mw,10,278,0.5296,0.3,ci,ci14607924,2022-05-02T21:50:24.255Z,"12km WNW of Alberto Oviedo Mota, B.C., MX",earthquake,3.12,31.61,,6,reviewed,ci,ci
2010-04-04T23:20:41.610Z,32.12,-115.219,9.998,4.39,ml,5,274,0.71,0.13,ci,ci10169102,2016-03-10T05:55:46.290Z,"13km SSW of Alberto Oviedo Mota, B.C., MX",earthquake,2.86,31.61,0.258,26,reviewed,ci,ci
2010-04-04T23:17:13.080Z,32.2211667,-115.2906667,9.995,4.56,ml,8,259,0.5639,0.22,ci,ci10169094,2017-02-08T15:42:53.506Z,"11km W of Alberto Oviedo Mota, B.C., MX",earthquake,2.61,31.61,0.11,11,reviewed,ci,ci
2010-04-04T23:15:14.240Z,32.3,-115.2595,9.987,5.43,mw,8,254,0.4955,0.23,ci,ci14607836,2022-05-02T22:35:48.114Z,"9km SW of Delta, B.C., MX",earthquake,1.8,31.61,,4,reviewed,ci,ci
2010-04-04T23:09:40.110Z,32.204,-115.3328333,9.979,4.79,ml,9,284,0.6059,0.17,ci,ci14607820,2020-07-07T22:06:16.238Z,"16km W of Alberto Oviedo Mota, B.C., MX",earthquake,2.12,31.61,0.18,305,reviewed,ci,ci
2010-04-04T22:54:13.970Z,32.436,-115.4973333,9.984,4.03,ml,14,231,0.3707,0.32,ci,ci14607700,2017-02-08T00:51:20.213Z,"18km SSE of Progreso, B.C., MX",earthquake,2.06,31.61,0.123,308,reviewed,ci,ci
2010-04-04T22:50:17.120Z,32.0986667,-115.0481667,10.011,5.7,mw,5,296,0.7811,0.33,ci,ci31957759,2022-05-02T21:51:30.725Z,"12km SSW of Estacion Coahuila, B.C., MX",earthquake,3.14,31.61,,4,reviewed,ci,ci
2010-04-04T22:43:00.430Z,32.4533333,-115.632,9.981,5.26,ml,16,239,0.3162,0.26,ci,ci10184394,2017-02-08T15:33:36.578Z,"15km SSW of Progreso, B.C., MX",earthquake,1,31.61,0.11,13,reviewed,ci,ci
2010-04-04T22:40:42.360Z,32.2861667,-115.2953333,9.987,7.2,mw,10,239,0.5137,0.11,ci,ci14607652,2025-12-17T05:07:25.517Z,"The 2010 Sierra El Mayor, B.C., Mexico Earthquake",earthquake,1.81,31.61,,0,reviewed,ci,ci
2010-04-03T23:03:47.690Z,32.2658333,-115.2933333,9.975,4.34,ml,9,241,0.5533,0.35,ci,ci14607220,2016-03-10T19:36:22.735Z,"12km WNW of Alberto Oviedo Mota, B.C., MX",earthquake,2.91,31.61,0.14,194,reviewed,ci,ci
2010-03-31T09:20:26.070Z,32.354,-115.2288333,5.987,4.16,ml,25,227,0.4358,0.45,ci,ci14606268,2022-08-06T00:38:09.079Z,"3km W of Delta, B.C., MX",earthquake,1.46,31.61,0.129,312,reviewed,ci,ci
2010-03-16T11:04:00.190Z,33.9923333,-118.0816667,18.723,4.44,ml,122,23,,0.39,ci,ci14601172,2022-08-06T00:24:46.471Z,"2km NE of Pico Rivera, CA",earthquake,0.3,0.58,0.191,378,reviewed,ci,ci
2010-03-13T16:32:32.320Z,32.9906667,-116.358,4.984,4.23,ml,80,77,0.1123,0.23,ci,ci14600292,2022-08-06T00:23:26.040Z,"25km NE of Pine Valley, CA",earthquake,0.22,18.78,0.122,345,reviewed,ci,ci
2010-03-09T04:18:21.870Z,32.994,-116.359,4.814,4.02,ml,79,75,0.1148,0.23,ci,ci14598228,2022-08-06T00:15:29.009Z,"24km ESE of Julian, CA",earthquake,0.22,0.83,0.118,366,reviewed,ci,ci
2010-02-15T00:07:09.360Z,36.0735,-117.8658333,-1.147,4.05,ml,24,57,0.09213,0.21,ci,ci10542589,2022-08-06T00:01:21.799Z,"8km ENE of Coso Junction, CA",earthquake,0.36,0.73,0.113,345,reviewed,ci,ci
2010-02-14T21:35:47.900Z,32.242,-116.5911667,5.608,4.45,ml,19,258,0.4421,0.17,ci,ci10542525,2022-06-21T20:23:36.967Z,"31km E of Primo Tapia, B.C., MX",earthquake,0.92,31.61,0.138,344,reviewed,ci,ci
2010-02-13T21:39:06.600Z,34.0045,-117.1796667,8.025,4.1,ml,112,33,0.06383,0.25,ci,ci10541957,2022-08-05T23:57:10.047Z,"6km S of Redlands, CA",earthquake,0.2,0.92,0.127,338,reviewed,ci,ci
2010-02-01T14:19:47.820Z,32.0493333,-117.5255,5.845,4.4,mw,9,328,0.751,0.49,ci,ci10537093,2022-08-05T23:46:03.546Z,"56km SW of Rosarito, B.C., MX",earthquake,3.07,31.61,,0,reviewed,ci,ci
2010-01-16T12:03:25.700Z,33.9321667,-117.0231667,13.143,4.28,ml,127,41,0.03701,0.3,ci,ci10530013,2022-08-05T23:39:15.406Z,"4km W of Beaumont, CA",earthquake,0.23,0.39,0.166,373,reviewed,ci,ci
2010-01-15T08:23:27.340Z,36.031,-117.843,0.103,4.41,ml,39,47,0.04496,0.19,ci,ci10527789,2022-08-05T23:38:08.814Z,"10km E of Coso Junction, CA",earthquake,0.3,0.6,0.111,369,reviewed,ci,ci
2010-01-12T02:36:08.440Z,33.9663333,-116.8763333,8.782,4.27,ml,118,12,0.08919,0.19,ci,ci14571828,2022-08-05T23:34:25.953Z,"4km N of Banning, CA",earthquake,0.15,0.63,0.141,373,reviewed,ci,ci
2010-01-10T06:35:53.560Z,32.4033333,-115.1755,5.986,4.08,ml,16,216,0.3715,0.44,ci,ci14570852,2022-08-05T23:30:33.908Z,"6km NNE of Delta, B.C., MX",earthquake,1.86,31.61,0.102,347,reviewed,ci,ci
2010-01-07T18:09:35.040Z,37.4811667,-121.7986667,10.753,4.05,mw,201,36,0.03063,0.17,nc,nc71336726,2022-08-05T23:24:29.549Z,"11 km ENE of Milpitas, California",earthquake,0.14,0.34,,4,reviewed,nc,nc
2010-01-04T14:24:54.440Z,40.2773333,-123.8685,29.763,4.12,mw,20,86,0.1432,0.07,nc,nc71330090,2022-08-05T23:22:10.745Z,"1 km N of Myers Flat, California",earthquake,0.31,0.58,,5,reviewed,nc,nc
2009-12-30T19:07:41.530Z,32.4945,-115.205,5.971,4.03,ml,21,200,0.3065,0.35,ci,ci14565660,2016-03-09T09:14:14.003Z,"16km N of Delta, B.C., MX",earthquake,1.71,31.61,0.11,334,reviewed,ci,ci
2009-12-30T18:53:23.960Z,32.5323333,-115.2081667,5.986,4.77,ml,21,193,0.2792,0.34,ci,ci14565636,2020-07-07T22:05:21.405Z,"14km ESE of Puebla, B.C., MX",earthquake,1.75,31.61,0.12,302,reviewed,ci,ci
2009-12-30T18:48:57.330Z,32.464,-115.1891667,5.971,5.8,mw,19,205,0.324,0.39,ci,ci14565620,2022-08-05T23:13:27.083Z,"12km N of Delta, B.C., MX",earthquake,1.83,31.61,,7,reviewed,ci,ci
2009-11-16T21:21:30.630Z,35.5485,-117.2745,1.248,4.6,ml,54,46,0.0771,0.23,ci,ci10497821,2022-08-05T22:59:20.974Z,"26km SSE of Trona, CA",earthquake,0.28,0.64,0.135,377,reviewed,ci,ci
2009-11-15T22:45:27.130Z,33.1655,-119.3018333,5.671,4.35,ml,9,233,,0.22,ci,ci10497389,2022-08-05T22:56:21.722Z,"21km ESE of San Nicolas Is., CA",earthquake,0.82,31.61,0.147,366,reviewed,ci,ci
2009-11-08T18:34:33.522Z,37.3283,-114.4556,0,4.1,ml,27,112.45,0.996,0.1145,nn,nn00297358,2018-06-13T20:46:47.933Z,"32 km S of Caliente, Nevada",earthquake,,0,0.24,21,reviewed,nn,nn
2009-11-02T19:27:31.760Z,32.6721667,-115.6506667,7.618,4.13,ml,40,155,0.0678,0.34,ci,ci10489253,2022-08-05T22:43:22.049Z,"12km NNW of Progreso, B.C., MX",earthquake,0.84,2.05,0.195,335,reviewed,ci,ci
2009-10-13T08:38:51.290Z,32.1498333,-115.3136667,5.979,4.32,ml,20,283,0.65,0.71,ci,ci10480301,2022-08-05T22:29:20.117Z,"16km WSW of Alberto Oviedo Mota, B.C., MX",earthquake,3.4,31.61,0.198,349,reviewed,ci,ci
2009-10-09T04:25:05.270Z,36.3976667,-117.8641667,7.588,4.29,ml,29,52,0.01254,0.23,ci,ci10477949,2022-08-05T22:24:16.707Z,"18km NE of Olancha, CA",earthquake,0.43,0.68,0.116,402,reviewed,ci,ci
2009-10-03T11:37:11.380Z,36.3893333,-117.8673333,0.44,4.41,ml,36,50,0.1689,0.25,ci,ci14520900,2022-08-05T22:16:38.975Z,"17km NE of Olancha, CA",earthquake,0.38,0.86,0.123,398,reviewed,ci,ci
2009-10-03T05:31:57.720Z,36.39,-117.8635,0.08,4.66,ml,36,51,0.1674,0.25,ci,ci14520476,2022-08-05T22:15:38.376Z,"18km NE of Olancha, CA",earthquake,0.37,0.9,0.131,399,reviewed,ci,ci
2009-10-03T01:47:55.370Z,36.3948333,-117.8456667,-0.04,4.2,ml,36,51,0.159,0.26,ci,ci14519940,2022-08-05T22:13:33.165Z,"19km NE of Olancha, CA",earthquake,0.38,0.93,0.11,398,reviewed,ci,ci
2009-10-03T01:30:31.910Z,36.4026667,-117.8513333,-0.06,4.07,ml,35,54,0.1525,0.26,ci,ci14519860,2022-08-05T22:12:25.201Z,"19km NE of Olancha, CA",earthquake,0.35,0.87,0.141,398,reviewed,ci,ci
2009-10-03T01:16:00.310Z,36.391,-117.8608333,-1.77,5.19,mw,36,50,0.1658,0.33,ci,ci14519780,2022-08-05T22:11:26.331Z,"18km NE of Olancha, CA",earthquake,0.46,1.22,,6,reviewed,ci,ci
2009-10-03T01:10:26.100Z,36.3863333,-117.8681667,1.688,4.85,ml,23,52,0.172,0.28,ci,ci14519764,2022-08-05T22:15:48.623Z,"17km NE of Olancha, CA",earthquake,0.37,31.61,0.135,372,reviewed,ci,ci
2009-10-03T01:09:19.140Z,36.391,-117.8638333,0.7,4.74,ml,36,51,0.1665,0.26,ci,ci14519756,2022-08-05T22:14:38.857Z,"18km NE of Olancha, CA",earthquake,0.42,0.95,0.164,185,reviewed,ci,ci
2009-10-01T10:01:24.670Z,36.3878333,-117.8586667,3.985,5,mw,34,49,0.1683,0.32,ci,ci14517500,2022-08-05T22:04:02.196Z,"18km NE of Olancha, CA",earthquake,0.49,31.61,,0,reviewed,ci,ci
2009-09-20T00:36:17.590Z,32.3551667,-115.2785,9.97,4.36,ml,24,262,0.4561,0.46,ci,ci14512580,2022-08-05T22:00:52.922Z,"8km W of Delta, B.C., MX",earthquake,1.94,31.61,0.162,346,reviewed,ci,ci
2009-09-19T22:55:17.840Z,32.3706667,-115.2611667,9.987,5.08,mw,27,261,0.4352,0.42,ci,ci14512436,2022-08-05T21:59:53.916Z,"7km WNW of Delta, B.C., MX",earthquake,1.89,31.61,,5,reviewed,ci,ci
2009-06-29T21:39:59.370Z,31.9503333,-115.511,5.896,4.2,ml,18,272,0.7204,0.34,ci,ci14481152,2022-08-05T21:02:52.061Z,"44km SW of Alberto Oviedo Mota, B.C., MX",earthquake,2.05,31.61,0.173,284,reviewed,ci,ci
2009-06-20T12:32:48.000Z,35.6431667,-120.9513333,5.923,4.39,mw,76,69,0.04144,0.08,nc,nc40238431,2022-08-05T20:55:45.250Z,"11 km SW of Lake Nacimiento, California",earthquake,0.16,0.42,,4,reviewed,nc,nc
2009-06-20T01:00:30.610Z,32.8996667,-118.0066667,13.996,4.11,ml,32,174,0.4613,0.5,ci,ci14477000,2022-08-05T20:53:42.320Z,"33km ENE of San Clemente Is. (SE tip), CA",earthquake,1.37,3.14,0.131,375,reviewed,ci,ci
2009-05-23T22:58:32.940Z,36.3961667,-117.8376667,-0.64,4.73,ml,38,52,0.1564,0.25,ci,ci14462064,2022-08-05T20:28:36.698Z,"20km NE of Olancha, CA",earthquake,0.38,0.94,0.138,385,reviewed,ci,ci
2009-05-19T22:49:11.550Z,33.9338333,-118.329,12.715,4.04,ml,111,46,0.0629,0.35,ci,ci10411545,2022-08-05T20:25:33.263Z,"2km ESE of Lennox, CA",earthquake,0.33,0.64,0.199,388,reviewed,ci,ci
2009-05-18T03:39:36.340Z,33.9376667,-118.3356667,13.817,4.7,mw,123,44,,0.34,ci,ci10410337,2022-08-05T20:19:51.446Z,"2km E of Lennox, CA",earthquake,0.29,0.49,,0,reviewed,ci,ci
2009-05-08T20:27:13.950Z,34.4401667,-119.1825,7.287,4.17,ml,78,63,,0.4,ci,ci10406593,2022-08-05T20:15:20.311Z,"6km E of Ojai, CA",earthquake,0.39,1.26,0.123,394,reviewed,ci,ci
2009-05-03T17:54:05.210Z,40.7491667,-124.1638333,20.257,4.17,mw,14,167,0.1225,0.1,nc,nc51220943,2022-08-05T20:12:19.270Z,"2 km NNW of Pine Hills, California",earthquake,0.6,0.46,,5,reviewed,nc,nc
2009-05-02T01:11:13.660Z,34.0666667,-118.8825,13.911,4.42,ml,96,72,0.08831,0.4,ci,ci10403777,2022-08-05T20:10:14.876Z,"10km NW of Malibu, CA",earthquake,0.45,0.59,0.179,172,reviewed,ci,ci
2009-04-12T09:41:27.830Z,32.0735,-115.7583333,5.787,4.3,ml,19,265,0.5748,0.26,ci,ci14443704,2022-08-05T19:58:36.456Z,"58km WSW of Alberto Oviedo Mota, B.C., MX",earthquake,2.07,31.61,0.219,284,reviewed,ci,ci
2009-04-12T03:19:24.000Z,32.3253333,-115.2536667,5.987,4.22,ml,27,228,0.4709,0.44,ci,ci14443616,2022-08-05T19:57:37.579Z,"7km WSW of Delta, B.C., MX",earthquake,1.48,31.61,0.12,244,reviewed,ci,ci
2009-03-30T17:40:29.260Z,37.2848333,-121.6156667,7.145,4.3,mw,170,57,0.05225,0.14,nc,nc40234037,2022-08-05T19:54:30.524Z,"17 km NNE of Morgan Hill, California",earthquake,0.12,0.35,,7,reviewed,nc,nc
2009-03-24T11:55:43.930Z,33.3171667,-115.7281667,6.003,4.77,ml,77,37,0.03561,0.26,ci,ci14433456,2022-08-05T19:52:03.176Z,"4km S of Bombay Beach, CA",earthquake,0.28,1.34,0.127,346,reviewed,ci,ci
2009-01-31T21:09:22.590Z,35.4135,-117.7858333,7.42,4.39,ml,56,35,0.1073,0.19,ci,ci14418600,2022-08-05T19:24:51.622Z,"14km WNW of Johannesburg, CA",earthquake,0.23,1.3,0.167,388,reviewed,ci,ci
2009-01-29T08:41:59.120Z,32.6931667,-118.2265,9.693,4.19,ml,13,238,0.3931,0.58,ci,ci10374021,2022-08-05T19:20:38.542Z,"18km SE of San Clemente Is. (SE tip), CA",earthquake,2.06,31.61,0.157,368,reviewed,ci,ci
2009-01-09T03:49:46.270Z,34.1073333,-117.3041667,13.823,4.45,mw,132,19,,0.28,ci,ci10370141,2022-08-05T19:06:33.885Z,"3km SSW of San Bernardino, CA",earthquake,0.22,0.32,,6,reviewed,ci,ci
2009-01-04T17:27:10.480Z,38.7823333,-122.7725,3.816,4.27,mw,80,25,0.01261,0.08,nc,nc51214595,2022-08-05T19:05:07.391Z,"6 km SW of Cobb, California",earthquake,0.11,0.19,,13,reviewed,nc,nc
2008-12-28T05:17:07.470Z,32.5681667,-115.5428333,10.01,4.52,ml,39,187,0.1748,0.91,ci,ci10368325,2022-08-05T19:00:02.720Z,"4km ESE of Progreso, B.C., MX",earthquake,2.92,31.61,0.15,375,reviewed,ci,ci
2008-12-26T12:19:40.020Z,39.9598333,-120.8688333,-1.668,4.5,mw,46,93,0.08559,0.13,nc,nc51213957,2022-08-05T18:57:46.742Z,"3 km NE of East Quincy, California",earthquake,0.27,1.21,,4,reviewed,nc,nc
2008-12-21T17:35:36.640Z,36.6748333,-121.3001667,6.761,4,mw,80,38,0.02342,0.06,nc,nc51213534,2022-08-05T18:55:19.072Z,"12 km S of Tres Pinos, California",earthquake,0.11,0.33,,6,reviewed,nc,nc
2008-12-14T08:41:26.450Z,32.5536667,-115.5366667,15.01,4.03,ml,31,189,0.1864,0.65,ci,ci10366249,2022-08-05T18:48:46.961Z,"5km ESE of Progreso, B.C., MX",earthquake,2.3,31.61,0.158,298,reviewed,ci,ci
2008-12-13T17:16:46.470Z,35.972,-117.3173333,-0.971,4.01,ml,33,53,0.08546,0.22,ci,ci10366101,2022-08-05T18:47:47.426Z,"24km NNE of Trona, CA",earthquake,0.35,0.87,0.112,391,reviewed,ci,ci
2008-12-06T04:18:42.850Z,34.8133333,-116.4188333,6.37,5.06,mw,48,65,0.07081,0.19,ci,ci14408052,2022-08-05T18:44:44.117Z,"26km WNW of Ludlow, CA",earthquake,0.21,0.78,,6,reviewed,ci,ci
2008-12-02T16:53:09.120Z,35.9711667,-117.3221667,2.329,4.03,ml,33,53,0.08603,0.22,ci,ci14407020,2022-08-05T18:43:29.635Z,"24km NNE of Trona, CA",earthquake,0.34,0.72,0.139,338,reviewed,ci,ci
2008-11-30T13:03:07.280Z,35.9713333,-117.3198333,2.459,4.04,ml,33,53,0.08551,0.23,ci,ci14406304,2022-08-05T18:42:31.362Z,"24km NNE of Trona, CA",earthquake,0.35,0.75,0.117,320,reviewed,ci,ci
2008-11-29T21:14:09.070Z,35.9706667,-117.3263333,0.189,4.03,ml,33,53,0.08687,0.18,ci,ci14406196,2020-05-02T01:58:40.453Z,"24km NNE of Trona, CA",earthquake,0.3,0.77,0.12,382,reviewed,ci,ci
2008-11-20T19:23:00.190Z,32.3288333,-115.3318333,6.006,4.98,ml,29,228,0.4619,1.28,ci,ci14404512,2022-08-05T18:39:25.267Z,"13km WSW of Delta, B.C., MX",earthquake,4.32,31.61,0.129,246,reviewed,ci,ci
2008-11-17T12:35:42.260Z,33.4996667,-116.8613333,10.839,4.11,ml,97,53,0.1226,0.26,ci,ci14403732,2022-08-05T18:38:14.976Z,"6km N of Aguanga, CA",earthquake,0.18,0.53,0.141,328,reviewed,ci,ci
2008-11-16T05:43:15.590Z,40.3138333,-124.6026667,18.887,4.6,mw,39,230,0.2342,0.11,nc,nc51211307,2022-06-21T18:28:07.266Z,"40 km SW of Ferndale, California",earthquake,0.86,0.35,,7,reviewed,nc,nc
2008-10-26T09:27:22.340Z,40.3368333,-124.6288333,20.827,4.9,mw,22,231,0.2604,0.04,nc,nc71011617,2025-12-22T15:34:30.608Z,"40 km SW of Ferndale, California",earthquake,0.73,0.31,,5,reviewed,nc,nc
2008-10-02T09:41:49.270Z,34.0838333,-116.9678333,11.345,4.14,ml,114,21,,0.19,ci,ci14396336,2022-08-05T18:33:37.452Z,"9km NE of Yucaipa, CA",earthquake,0.17,0.38,0.142,329,reviewed,ci,ci
2008-09-06T04:00:15.320Z,37.8621667,-122.0023333,15.22,4.1,mw,173,42,0.008361,0.23,nc,nc51207740,2022-08-05T16:24:33.899Z,"3km ENE of Alamo, CA",earthquake,0.17,0.26,,4,reviewed,nc,nc
2008-09-05T21:54:33.590Z,32.3468333,-115.2295,14.987,4.63,ml,26,225,0.4423,0.72,ci,ci10347253,2020-05-02T01:56:52.544Z,"4km WSW of Delta, B.C., MX",earthquake,2.4,31.61,0.118,245,reviewed,ci,ci
2008-08-17T05:56:59.370Z,41.1885,-124.216,15.66,4.6,mw,15,172,0.1486,0.06,nc,nc51207076,2020-06-27T07:23:47.818Z,"7 km WNW of Big Lagoon, California",earthquake,0.52,0.36,,10,reviewed,nc,nc
2008-07-29T18:42:15.670Z,33.9485,-117.7663333,15.503,5.44,mw,136,17,0.08724,0.3,ci,ci14383980,2024-08-07T11:03:56.451Z,"5km S of Chino Hills, CA",earthquake,0.19,0.52,,6,reviewed,ci,ci
2008-06-18T06:50:25.960Z,31.8333333,-116.3556667,5.477,4.35,ml,20,291,0.8513,0.23,ci,ci14375776,2022-08-05T16:31:22.894Z,"24km ENE of Maneadero, B.C., MX",earthquake,0.67,31.61,0.143,227,reviewed,ci,ci
2008-05-30T04:48:36.230Z,38.7758333,-122.7641667,1.023,4.14,mw,76,33,0.005405,0.14,nc,nc40218402,2020-06-27T07:17:13.815Z,"6 km SW of Cobb, California",earthquake,0.16,0.29,,5,reviewed,nc,nc
2008-05-09T22:38:08.350Z,33.4458333,-116.4555,9.268,4.06,ml,88,29,0.08127,0.26,ci,ci14367532,2020-06-27T07:15:28.791Z,"22km NNW of Borrego Springs, CA",earthquake,0.22,0.61,0.129,318,reviewed,ci,ci
2008-05-01T08:11:43.220Z,35.4733333,-118.4253333,4.798,4.43,ml,65,25,0.1817,0.27,ci,ci10321585,2020-05-02T01:54:33.621Z,"14km SSE of Bodfish, CA",earthquake,0.3,11.02,0.125,354,reviewed,ci,ci
2008-05-01T03:55:35.970Z,33.443,-116.454,9.248,4.19,ml,100,25,0.0836,0.26,ci,ci10321561,2020-05-02T01:54:11.237Z,"22km NNW of Borrego Springs, CA",earthquake,0.19,0.54,0.138,341,reviewed,ci,ci
2008-04-30T03:03:06.900Z,40.8358333,-123.4968333,27.755,5.4,mw,33,36,0.1829,0.14,nc,nc40216664,2025-12-22T15:29:04.104Z,"3 km NNW of Burnt Ranch, California",earthquake,0.3,1.15,,8,reviewed,nc,nc
2008-04-28T11:33:18.257Z,39.5275,-119.9274,1.1,4,ml,46,33.75,0.004,0.1117,nn,nn00243152,2020-06-27T07:03:41.129Z,"1 km N of Mogul, Nevada",earthquake,,0.7,0.19,4,reviewed,nn,nn
2008-04-26T06:40:19.120Z,38.6103333,-119.1331667,3.535,4.7,mh,5,253,0.7747,0.51,ci,ci10320621,2022-08-09T07:48:20.910Z,"27km SE of Smith Valley, NV",earthquake,2.84,31.61,,0,reviewed,ci,ci
2008-04-26T06:40:10.453Z,39.5231,-119.9393,2.8,5.1,ml,35,39.56,0.008,0.122,nn,nn00385392,2021-10-20T18:13:32.559Z,"1 km NW of Mogul, Nevada",earthquake,,0.5,0.13,2,reviewed,nn,nn
2008-04-26T06:39:59.648Z,39.5212,-119.9279,2.8,4.8,mw,40,38.3,0.002,0.104,nn,nn00242527,2017-06-19T19:32:57.740Z,"0 km N of Mogul, Nevada",earthquake,,0.5,,,reviewed,nn,nn
2008-04-24T22:55:48.953Z,39.5297,-119.9332,2.9,4.1,ml,49,50.11,0.002,0.1217,nn,nn00242164,2020-06-27T07:01:09.686Z,"2 km NNW of Mogul, NV",earthquake,,0.5,0.18,4,reviewed,nn,nn
2008-04-23T01:55:29.400Z,34.866,-116.3403333,4.62,4.14,ml,42,43,0.03678,0.18,ci,ci10319993,2016-03-09T12:55:45.101Z,"23km NW of Ludlow, CA",earthquake,0.25,0.67,0.159,336,reviewed,ci,ci
2008-04-21T22:00:53.770Z,40.7801667,-124.2081667,20.609,4.2,mw,14,178,0.1405,0.06,nc,nc40215734,2017-03-17T20:09:38.103Z,"2 km WNW of Bayview, California",earthquake,0.47,0.37,,4,reviewed,nc,nc
2008-04-21T14:16:23.040Z,31.9966667,-115.5573333,5.966,4.06,ml,16,279,0.6663,0.22,ci,ci10319593,2016-03-09T16:38:30.873Z,"45km SW of Alberto Oviedo Mota, B.C., MX",earthquake,1.14,31.61,0.168,145,reviewed,ci,ci
2008-04-01T13:16:17.210Z,41.2255,-114.8296,9.5,4.1,mw,9,94.13,0.201,0.1313,nn,nn00239974,2020-06-27T06:54:25.061Z,"16 km NE of Wells, Nevada",earthquake,,3.1,,,reviewed,nn,nn
2008-03-29T22:01:42.840Z,32.3841667,-115.2333333,6.991,4.18,ml,32,218,0.4114,0.42,ci,ci14358796,2016-03-09T04:13:37.914Z,"5km NW of Delta, B.C., MX",earthquake,1.45,31.61,0.124,207,reviewed,ci,ci
2008-02-28T15:10:37.755Z,41.153,-114.9237,8.1,4,mw,17,118.23,0.024,0.1149,nn,nn00236336,2022-08-07T08:29:54.189Z,"5 km NE of Wells, Nevada",earthquake,,0.8,,,reviewed,nn,nn
2008-02-27T07:59:38.206Z,41.1876,-114.8318,9.2,4.1,mw,13,141.77,0.038,0.1435,nn,nn00236032,2022-08-07T08:30:53.789Z,"13 km NE of Wells, Nevada",earthquake,,1.2,,,reviewed,nn,nn
2008-02-27T04:39:43.244Z,41.0931,-114.8877,8.9,4.1,ml,5,135.76,0.04,0.0892,nn,nn00286414,2018-07-24T21:27:45.248Z,"6 km ESE of Wells, Nevada",earthquake,,2.7,1.31,2,reviewed,nn,nn
2008-02-26T12:16:05.461Z,41.1961,-114.8839,5.4,4,ml,4,312.73,0.06,0.0551,nn,nn00288387,2018-07-24T21:27:35.925Z,"11 km NE of Wells, Nevada",earthquake,,14.5,1.25,2,reviewed,nn,nn
2008-02-25T16:13:04.630Z,41.1299,-114.9149,9,4,ml,4,189.23,0.014,0.0098,nn,nn00289576,2017-06-19T19:03:58.163Z,"4 km ENE of Wells, Nevada",earthquake,,3.1,1.45,2,reviewed,nn,nn
2008-02-25T13:23:13.277Z,41.0995,-114.8906,8.2,4.1,ml,4,133.11,0.036,0.0383,nn,nn00289540,2018-07-24T21:27:23.328Z,"6 km ESE of Wells, Nevada",earthquake,,3,1.51,2,reviewed,nn,nn
2008-02-24T13:15:27.261Z,41.1229,-114.8847,0,4.1,ml,5,123.86,0.019,0.0379,nn,nn00288022,2017-06-19T19:03:40.157Z,"6 km E of Wells, Nevada",earthquake,,0,1.68,2,reviewed,nn,nn
2008-02-23T23:32:40.987Z,41.1625,-114.8713,10.6,4.3,ml,4,292.86,0.033,0.0263,nn,nn00287968,2018-07-24T21:27:00.010Z,"9 km NE of Wells, Nevada",earthquake,,3.3,1.42,2,reviewed,nn,nn
2008-02-22T23:27:45.133Z,41.1279,-114.9215,11,4.8,ml,10,132.34,0.021,0.1407,nn,nn00235053,2022-08-07T08:31:58.909Z,"4 km ENE of Wells, Nevada",earthquake,,1.1,,,reviewed,nn,nn
2008-02-22T19:33:52.140Z,32.3901667,-115.2698333,5.982,4.58,ml,18,263,0.4401,0.47,ci,ci12330895,2022-08-08T22:24:40.922Z,"8km WNW of Delta, B.C., MX",earthquake,1.46,31.61,0.218,40,reviewed,ci,ci
2008-02-22T19:31:18.480Z,32.421,-115.2853333,6.001,4.78,ml,33,213,0.4067,0.46,ci,ci14352012,2022-08-05T16:35:35.233Z,"11km NW of Delta, B.C., MX",earthquake,1.21,31.61,0.117,233,reviewed,ci,ci
2008-02-22T01:50:05.347Z,41.1199,-114.902,11.7,4.3,ml,7,131.05,0.287,0.1694,nn,nn00286225,2018-07-24T21:26:08.770Z,"5 km E of Wells, Nevada",earthquake,,10.7,0.46,6,reviewed,nn,nn
2008-02-21T23:57:50.945Z,41.1463,-114.9313,13.2,4.6,mw,7,95.73,0.305,0.1012,nn,nn00234666,2020-05-12T00:57:54.888Z,"4 km NE of Wells, Nevada",earthquake,,11,,,reviewed,nn,nn
2008-02-21T15:34:25.466Z,41.1318,-114.9066,5.3,4.1,ml,13,132.94,0.297,0.1743,nn,nn00234461,2018-07-24T21:25:52.248Z,"5 km ENE of Wells, Nevada",earthquake,,2.7,0.25,9,reviewed,nn,nn
2008-02-21T14:34:55.538Z,41.137,-114.8398,0,5.1,ml,7,138.75,0.322,0.3244,nn,nn00517570,2015-11-16T20:00:35.791Z,"10 km ENE of Wells, Nevada",earthquake,2.95,,0.33,6,reviewed,nn,nn
2008-02-21T14:20:51.446Z,41.1165,-114.9011,6.8,4.6,ml,16,92.55,0.284,0.282,nn,nn00235990,2018-07-24T21:26:05.673Z,"5 km E of Wells, Nevada",earthquake,,2.6,0.32,11,reviewed,nn,nn
2008-02-21T14:16:02.821Z,41.1444,-114.8721,7.9,5.9,mw,18,95.21,0.318,0.1855,nn,nn00234425,2022-05-02T20:30:21.272Z,"8 km ENE of Wells, Nevada",earthquake,,1.9,,,reviewed,nn,nn
2008-02-20T01:28:55.450Z,32.4261667,-115.3063333,6.001,4.83,ml,33,212,0.3962,0.53,ci,ci14351300,2022-08-05T16:36:42.833Z,"13km NW of Delta, B.C., MX",earthquake,1.52,31.61,0.117,256,reviewed,ci,ci
2008-02-19T22:41:29.660Z,32.4325,-115.313,6.006,5.01,mw,32,210,0.3885,0.55,ci,ci14351140,2025-12-22T15:16:45.820Z,"14km NW of Delta, B.C., MX",earthquake,1.58,31.61,,6,reviewed,ci,ci
2008-02-12T09:27:19.850Z,32.4631667,-115.3058333,6.018,4.45,ml,28,206,0.3613,0.49,ci,ci14348840,2022-08-05T16:41:02.713Z,"12km SSE of Puebla, B.C., MX",earthquake,1.93,31.61,0.121,248,reviewed,ci,ci
2008-02-12T09:20:11.730Z,32.4425,-115.298,6.018,4.25,ml,29,209,0.383,0.46,ci,ci14348824,2017-02-07T23:17:11.234Z,"14km NW of Delta, B.C., MX",earthquake,1.37,31.61,0.125,183,reviewed,ci,ci
2008-02-12T04:40:46.780Z,32.4381667,-115.2905,6.018,4.04,ml,25,210,0.3891,0.49,ci,ci14348592,2022-08-05T16:42:02.279Z,"13km NW of Delta, B.C., MX",earthquake,1.42,31.61,0.117,136,reviewed,ci,ci
2008-02-12T04:32:39.240Z,32.4475,-115.3175,6.018,4.97,mw,29,208,0.3731,0.44,ci,ci14348588,2022-05-02T19:36:57.520Z,"13km SSE of Puebla, B.C., MX",earthquake,1.47,31.61,,6,reviewed,ci,ci
2008-02-11T18:29:30.530Z,32.3271667,-115.2568333,6.001,5.1,mw,28,228,0.5031,1.04,ci,ci14348196,2022-05-02T19:37:00.378Z,"7km WSW of Delta, B.C., MX",earthquake,4.91,31.61,,6,reviewed,ci,ci
2008-02-09T07:12:04.550Z,32.3595,-115.2773333,6.001,5.1,mw,31,222,0.467,1.4,ci,ci14346868,2022-08-05T16:45:21.149Z,"8km W of Delta, B.C., MX",earthquake,5.62,31.61,,6,reviewed,ci,ci
2008-01-19T23:13:05.430Z,40.1776667,-122.7036667,2.049,4.7,mw,36,32,0.03514,1.04,nc,nc51194936,2020-06-27T06:43:05.997Z,"31 km NW of Rancho Tehama Reserve, California",earthquake,1.14,2.24,,6,reviewed,nc,nc
2008-01-19T17:18:46.470Z,40.1671667,-122.7593333,10.169,4.5,mw,31,37,0.05856,0.32,nc,nc51194914,2020-06-27T06:41:31.206Z,"34 km WNW of Rancho Tehama Reserve, California",earthquake,0.47,0.68,,6,reviewed,nc,nc
2007-12-19T12:14:09.630Z,34.1561667,-116.9813333,7.817,4.06,ml,112,23,,0.18,ci,ci10295849,2020-05-02T01:47:47.908Z,"12km SSW of Big Bear Lake, CA",earthquake,0.16,0.99,0.136,401,reviewed,ci,ci
2007-11-09T03:37:09.900Z,40.5766667,-124.4723333,26.217,4.1,mw,14,255,0.1441,0.05,nc,nc40205250,2020-05-02T01:47:25.380Z,"17 km W of Ferndale, California",earthquake,0.97,0.59,,6,reviewed,nc,nc
2007-10-31T03:04:54.810Z,37.4335,-121.7743333,9.741,5.45,mw,156,50,0.02703,0.11,nc,nc40204628,2023-12-10T11:58:26.513Z,"6 km NNE of East Foothills, California",earthquake,0.11,0.28,,6,reviewed,nc,nc
2007-10-24T12:22:48.770Z,35.838,-117.6846667,3.54,4.34,ml,40,27,,0.16,ci,ci14330056,2020-05-02T01:47:10.893Z,"23km ESE of Little Lake, CA",earthquake,0.24,0.4,0.143,406,reviewed,ci,ci
2007-10-16T08:53:44.120Z,34.3853333,-117.6346667,6.367,4.2,ml,130,19,,0.36,ci,ci10285533,2020-05-02T01:46:50.727Z,"3km N of Wrightwood, CA",earthquake,0.26,0.99,0.165,414,reviewed,ci,ci
2007-09-04T14:47:59.640Z,32.767,-117.3406667,10.786,4.06,ml,38,218,0.1074,0.11,ci,ci10276197,2020-05-02T01:46:05.682Z,"11km SW of La Jolla, CA",earthquake,0.35,0.53,0.131,388,reviewed,ci,ci
2007-09-02T17:29:14.790Z,33.7321667,-117.477,12.192,4.73,ml,136,54,,0.32,ci,ci10275733,2022-08-05T16:51:42.405Z,"13km NE of Trabuco Canyon, CA",earthquake,0.27,0.55,0.137,396,reviewed,ci,ci
2007-08-09T07:58:49.590Z,34.2995,-118.6195,7.062,4.66,ml,111,24,0.0442,0.3,ci,ci14312160,2022-08-05T16:52:58.088Z,"5km NNW of Chatsworth, CA",earthquake,0.24,1.05,0.177,355,reviewed,ci,ci
2007-07-20T11:42:22.360Z,37.804,-122.193,5.262,4.2,mw,150,16,0.02613,0.16,nc,nc40199209,2022-08-05T16:54:11.950Z,"4 km ESE of Piedmont, California",earthquake,0.12,0.26,,6,reviewed,nc,nc
2007-07-02T19:58:53.160Z,36.8816667,-121.621,8.06,4.2,mw,103,53,0.02345,0.08,nc,nc51183708,2020-08-15T04:46:50.050Z,"2km ESE of Aromas, CA",earthquake,0.11,0.22,,8,reviewed,nc,nc
2007-06-12T07:23:43.130Z,37.5403333,-118.8675,7.94,4.6,mw,44,56,,0.06,nc,nc51182810,2020-08-15T03:52:37.390Z,"14km SE of Mammoth Lakes, CA",earthquake,0.21,0.4,,5,reviewed,nc,nc
2007-06-02T05:11:26.470Z,33.8718333,-116.2118333,4.233,4.26,ml,89,37,0.141,0.28,ci,ci14295640,2020-05-02T01:43:12.820Z,"17km N of Indio, CA",earthquake,0.19,0.67,0.161,403,reviewed,ci,ci
2007-06-01T02:08:37.830Z,32.6753333,-116.1105,11.463,4.06,ml,55,113,0.01817,0.3,ci,ci14295380,2020-06-27T06:39:10.518Z,"13km WSW of Ocotillo, CA",earthquake,0.43,0.64,0.205,373,reviewed,ci,ci
2007-05-22T11:34:12.170Z,35.862,-120.4125,8.65,4.01,mw,81,43,0.02152,0.05,nc,nc51182151,2020-08-15T07:25:56.349Z,"4km SSE of Parkfield, CA",earthquake,0.12,0.2,,6,reviewed,nc,nc
2007-05-05T00:01:43.000Z,32.0618333,-115.8721667,6.202,4.18,ml,16,255,0.5853,0.35,ci,ci14288992,2022-08-05T16:58:17.270Z,"64km SSW of Progreso, B.C., MX",earthquake,1.39,31.61,0.198,281,reviewed,ci,ci
2007-04-24T21:08:28.530Z,38.7946667,-122.7965,1.65,4.46,mw,65,23,0.01351,0.09,nc,nc51181154,2020-05-06T09:18:21.317Z,"7 km WSW of Cobb, California",earthquake,0.11,0.27,,7,reviewed,nc,nc
2007-04-18T11:16:57.590Z,34.66,-121.506,5,4,mb,14,217.4,,,us,usp000f9zw,2020-05-06T09:15:02.165Z,"91 km W of Vandenberg Air Force Base, California",earthquake,,,,1,reviewed,nc,us
2007-04-18T08:42:22.330Z,39.4645,-123.1073333,4.725,4.79,mw,45,30,0.1153,0.11,nc,nc40195779,2020-06-27T06:35:21.868Z,"15 km N of Potter Valley, California",earthquake,0.16,0.9,,10,reviewed,nc,nc
2007-04-15T22:57:26.720Z,32.6923333,-116.0565,7.703,4.41,ml,52,118,0.04979,0.29,ci,ci14285168,2020-06-27T06:31:42.853Z,"8km SW of Ocotillo, CA",earthquake,0.42,1.52,0.182,381,reviewed,ci,ci
2007-04-05T22:54:29.840Z,40.3111667,-124.584,17.917,4.17,mw,37,230,0.2203,0.1,nc,nc40195359,2022-02-24T03:22:37.843Z,"25km W of Petrolia, CA",earthquake,0.88,0.32,,5,reviewed,nc,nc
2007-03-30T09:09:35.830Z,36.0276667,-117.7753333,-0.663,4.11,ml,28,45,0.05264,0.38,ci,ci14282008,2016-03-09T14:17:25.610Z,"16km NE of Little Lake, CA",earthquake,0.51,1.05,0.117,377,reviewed,ci,ci
2007-03-09T03:17:32.110Z,38.4293333,-119.3606667,6.785,4.7,mw,39,119,0.0964,0.06,nc,nc51179422,2020-06-27T06:28:16.203Z,"13 km SE of Walker, California",earthquake,0.17,0.37,,8,reviewed,nc,nc
2007-03-02T04:40:00.750Z,37.8965,-122.1113333,15.981,4.23,mw,155,29,0.02793,0.2,nc,nc40194055,2022-08-05T16:59:31.542Z,"1 km NNE of Lafayette, California",earthquake,0.17,0.27,,13,reviewed,nc,nc
2007-02-09T03:33:44.070Z,33.2113333,-116.148,11.881,4.29,ml,73,22,0.1522,0.23,ci,ci10230869,2020-06-27T06:12:31.036Z,"8km NNW of Ocotillo Wells, CA",earthquake,0.22,0.77,0.136,393,reviewed,ci,ci
2007-01-24T13:42:52.740Z,40.3115,-124.5853333,19.047,4.4,mw,35,232,0.2216,0.08,nc,nc51178004,2017-03-17T20:31:27.430Z,"40 km SW of Ferndale, California",earthquake,0.87,0.31,,7,reviewed,nc,nc
2007-01-24T11:30:16.099Z,37.4133,-117.0986,6.1,4.1,ml,28,101.11,0.171,0.1541,nn,nn00197036,2018-04-24T16:58:15.887Z,"34 km SSE of Goldfield, Nevada",earthquake,,3.4,,,reviewed,nn,nn
2006-12-24T03:43:38.860Z,33.7068333,-116.0508333,12.696,4.11,ml,75,33,0.07228,0.26,ci,ci10223765,2020-05-02T01:38:56.951Z,"11km NE of Thermal, CA",earthquake,0.25,0.53,0.085,378,reviewed,ci,ci
2006-12-16T06:14:05.350Z,36.173,-120.2916667,10.21,4.2,mw,79,69,0.08662,0.06,nc,nc51176849,2020-08-15T07:22:22.411Z,"7km ENE of Coalinga, CA",earthquake,0.15,0.31,,2,reviewed,nc,nc
2006-12-11T13:21:08.410Z,31.8205,-116.3543333,5.119,4.07,ml,19,287,0.8634,0.19,ci,ci10222185,2016-03-08T17:07:38.495Z,"23km ENE of Maneadero, B.C., MX",earthquake,1,31.61,0.127,350,reviewed,ci,ci
2006-11-29T21:10:55.430Z,32.8205,-115.9725,3.621,4.11,ml,80,48,0.06619,0.41,ci,ci14263712,2022-08-05T17:00:45.749Z,"10km NNE of Ocotillo, CA",earthquake,0.5,1.04,0.139,370,reviewed,ci,ci
2006-11-09T08:38:13.440Z,39.3586667,-123.2823333,4.06,4.1,mw,55,44,0.1541,0.1,nc,nc21547350,2020-05-06T09:14:15.806Z,"8 km SE of Willits, California",earthquake,0.15,0.44,,5,reviewed,nc,nc
2006-11-03T15:56:43.050Z,32.676,-116.0481667,13.436,4.62,ml,48,145,0.04732,0.44,ci,ci10215753,2020-06-27T06:05:57.191Z,"8km SW of Ocotillo, CA",earthquake,0.48,0.64,0.173,378,reviewed,ci,ci
2006-10-20T17:00:08.100Z,38.8666667,-122.7873333,2.546,4.56,mw,69,39,0.04685,0.08,nc,nc21543835,2020-05-06T09:10:38.703Z,"7 km NW of Cobb, California",earthquake,0.13,0.4,,7,reviewed,nc,nc
2006-10-09T20:26:50.860Z,33.261,-116.0678333,8.997,4.01,ml,128,22,0.07128,0.37,ci,ci14255632,2020-06-27T05:59:01.508Z,"11km WSW of Salton City, CA",earthquake,0.29,0.66,0.113,368,reviewed,ci,ci
2006-09-14T00:11:06.110Z,32.6951667,-116.0528333,9.92,4.05,ml,69,116,0.05398,0.34,ci,ci10207681,2020-06-27T05:58:03.852Z,"7km SW of Ocotillo, CA",earthquake,0.43,0.8,0.152,355,reviewed,ci,ci
2006-08-03T03:08:12.860Z,38.3635,-122.5886667,8.55,4.5,mw,107,28,0.01712,0.14,nc,nc21530368,2020-05-06T09:05:57.951Z,"5 km W of Glen Ellen, California",earthquake,0.14,0.27,,6,reviewed,nc,nc
2006-07-19T11:41:43.460Z,40.2806667,-124.4331667,20.064,5,mw,39,223,0.2081,0.09,nc,nc21527987,2020-05-06T09:05:26.783Z,"35 km SSW of Ferndale, California",earthquake,0.61,0.45,,6,reviewed,nc,nc
2006-07-12T22:20:50.220Z,36.071,-117.9021667,2.981,4.02,ml,48,55,0.06037,0.24,ci,ci14239764,2020-05-02T01:36:46.211Z,"5km NE of Coso Junction, CA",earthquake,0.3,0.68,0.109,370,reviewed,ci,ci
2006-06-30T00:28:06.560Z,33.2406667,-116.036,3.459,4.37,ml,79,27,0.1792,0.3,ci,ci14236768,2020-06-27T05:57:13.201Z,"10km SW of Salton City, CA",earthquake,0.27,1.02,0.119,370,reviewed,ci,ci
2006-06-20T04:16:25.262Z,37.2291,-114.6723,0,4.4,ml,6,292.69,0.822,0.1283,nn,nn00183504,2018-04-24T20:32:45.853Z,"45 km SSW of Caliente, Nevada",earthquake,,0,,,reviewed,nn,nn
2006-06-15T12:24:51.110Z,37.1015,-121.492,2.831,4.3,mw,111,65,0.02432,0.07,nc,nc21522424,2020-05-06T09:00:18.347Z,"10 km E of San Martin, California",earthquake,0.1,0.21,,6,reviewed,nc,nc
2006-06-13T15:30:21.790Z,31.8383333,-116.3625,5.295,4.49,ml,13,291,0.848,0.17,ci,ci14233052,2022-08-05T17:02:59.706Z,"24km NE of Maneadero, B.C., MX",earthquake,0.76,31.61,0.164,357,reviewed,ci,ci
2006-05-28T11:55:23.140Z,32.3461667,-115.2188333,6.006,4.49,ml,16,267,0.4388,0.46,ci,ci10185465,2022-08-05T17:05:01.087Z,"3km WSW of Delta, B.C., MX",earthquake,3.09,31.61,0.097,332,reviewed,ci,ci
2006-05-28T07:40:17.160Z,32.2433333,-115.1353333,6.006,4.25,ml,17,281,0.5105,0.96,ci,ci10185397,2022-08-05T17:06:00.798Z,"4km ENE of Alberto Oviedo Mota, B.C., MX",earthquake,5.24,31.61,0.11,184,reviewed,ci,ci
2006-05-27T10:21:34.720Z,32.2783333,-115.2048333,9.976,4.3,ml,20,267,0.5755,0.39,ci,ci10185301,2016-03-09T03:38:12.153Z,"6km NNW of Alberto Oviedo Mota, B.C., MX",earthquake,1.67,31.61,0.144,343,reviewed,ci,ci
2006-05-24T04:20:26.010Z,32.3066667,-115.2278333,6.006,5.37,mw,21,263,0.4775,0.36,ci,ci12245763,2022-05-02T15:30:57.072Z,"6km SSW of Delta, B.C., MX",earthquake,1.86,31.61,0.221,0,reviewed,ci,ci
2006-05-12T10:38:35.860Z,38.8433333,-122.8536667,2.044,4.15,ml,22,54,0.07297,0.04,nc,nc30230549,2017-03-17T19:43:50.864Z,"11 km WNW of Cobb, California",earthquake,0.18,1.3,,0,reviewed,nc,nc
2006-05-12T10:37:29.330Z,38.8171667,-122.8138333,3.618,4.71,mw,47,32,0.01802,0.11,nc,nc21516950,2020-05-06T08:15:03.181Z,"7 km W of Cobb, California",earthquake,0.17,0.47,,7,reviewed,nc,nc
2006-05-05T06:36:19.124Z,38.2284,-118.7567,14,4.3,ml,27,92.77,0.199,0.1408,nn,nn00180665,2018-04-24T20:31:02.530Z,"34 km SSW of Hawthorne, Nevada",earthquake,,1.2,,,reviewed,nn,nn
2006-04-07T01:06:54.940Z,35.7251667,-121.0933333,6.761,4.2,ml,66,48,0.04955,0.09,nc,nc21511951,2020-05-06T08:11:28.767Z,"11 km WSW of Oak Shores, California",earthquake,0.14,0.42,,17,reviewed,nc,nc
2006-04-01T12:25:59.780Z,36.5195,-121.0935,1.434,4.34,ml,86,37,0.01712,0.07,nc,nc21511291,2020-05-06T08:11:06.960Z,"23 km ENE of Soledad, California",earthquake,0.09,0.2,,21,reviewed,nc,nc
2006-03-29T01:36:23.010Z,35.6218333,-117.5875,7.927,4.11,ml,42,46,0.0804,0.16,ci,ci14219360,2020-05-02T01:34:33.898Z,"8km E of Ridgecrest, CA",earthquake,0.23,1.27,0.128,390,reviewed,ci,ci
2006-03-26T01:56:37.600Z,40.2778333,-124.449,22.253,4.52,mw,28,240,,0.13,nc,nc21510606,2022-02-17T19:15:45.039Z,"15km WSW of Petrolia, CA",earthquake,1.46,0.8,,6,reviewed,nc,nc
2006-02-16T17:47:59.650Z,37.9848333,-118.7735,8.174,4.1,mw,47,74,0.1793,0.1,nc,nc21506332,2022-06-18T11:25:01.993Z,"30 km E of Lee Vining, California",earthquake,0.25,1.36,,6,reviewed,nc,nc
2005-12-03T07:49:34.590Z,34.329,-116.8331667,3.672,4.17,ml,138,18,,0.22,ci,ci14201764,2020-05-02T01:34:10.707Z,"8km N of Big Bear City, CA",earthquake,0.16,0.4,0.116,407,reviewed,ci,ci
2005-10-19T08:51:26.010Z,32.4966667,-118.145,9.85,4.26,ml,6,242,0.589,0.48,ci,ci10148829,2020-06-27T05:55:52.400Z,"40km SSE of San Clemente Is. (SE tip), CA",earthquake,3.1,31.61,0.13,361,reviewed,ci,ci
2005-10-19T00:05:12.030Z,38.835,-122.881,2.009,4.14,mw,59,35,0.003604,0.08,nc,nc21490245,2020-05-06T08:07:16.140Z,"12 km ENE of Cloverdale, California",earthquake,0.13,0.23,,6,reviewed,nc,nc
2005-10-18T07:31:03.470Z,34.0121667,-116.7755,17.785,4.42,ml,93,18,0.179,0.26,ci,ci10148421,2020-06-27T05:55:02.456Z,"11km N of Cabazon, CA",earthquake,0.21,0.75,0.145,367,reviewed,ci,ci
2005-10-18T04:08:41.520Z,34.0141667,-116.7753333,15.676,4.1,ml,93,18,0.181,0.2,ci,ci10148369,2020-06-27T05:46:12.265Z,"11km N of Cabazon, CA",earthquake,0.2,0.85,0.12,387,reviewed,ci,ci
2005-10-16T21:11:35.010Z,32.4545,-118.1633333,9.778,4.99,ml,20,244,0.6157,0.38,ci,ci10147909,2020-06-27T05:37:10.324Z,"44km SSE of San Clemente Is. (SE tip), CA",earthquake,1.44,31.61,0.111,386,reviewed,ci,ci
2005-10-02T13:48:09.410Z,35.6476667,-121.0916667,4.516,4,mw,73,110,0.04685,0.07,nc,nc21487037,2020-05-06T08:05:10.749Z,"8 km E of San Simeon, California",earthquake,0.13,0.35,,4,reviewed,nc,nc
2005-09-22T20:30:52.410Z,35.0448333,-119.007,10.185,4.18,ml,60,31,,0.4,ci,ci14186628,2020-06-27T05:13:44.840Z,"13km NNW of Grapevine, CA",earthquake,0.42,1.04,0.131,10,reviewed,ci,ci
2005-09-22T20:24:48.620Z,35.0433333,-119.0143333,10.005,4.69,mw,107,18,,0.41,ci,ci14186612,2020-05-02T01:31:54.868Z,"14km NW of Grapevine, CA",earthquake,0.31,0.71,0.232,0,reviewed,ci,ci
2005-09-22T20:24:04.880Z,35.0338333,-119.0096667,10.145,4.47,ml,62,39,,0.42,ci,ci14186608,2020-06-27T05:12:50.088Z,"12km NW of Grapevine, CA",earthquake,0.42,1.14,0.433,310,reviewed,ci,ci
2005-09-16T15:09:44.424Z,39.0647,-119.6272,10.4,4.2,ml,34,46.26,0.033,0.15,nn,nn00190934,2018-04-24T20:54:12.780Z,"8 km ENE of Johnson Lane, Nevada",earthquake,,1.1,,,reviewed,nn,nn
2005-09-02T01:27:19.590Z,33.1533333,-115.6463333,1.207,5.08,mw,39,52,0.03525,0.33,ci,ci14179736,2021-02-18T19:24:46.862Z,"13km WNW of Calipatria, CA",earthquake,0.33,0.86,,6,reviewed,ci,ci
2005-09-02T01:27:18.610Z,33.1748333,-115.6311667,4.977,4.5,mh,60,32,0.01097,0.36,ci,ci12217067,2022-05-02T18:30:38.615Z,"12km WNW of Calipatria, CA",earthquake,0.49,0.78,,0,reviewed,ci,ci
2005-09-01T13:50:20.190Z,33.1783333,-115.6328333,0.004,4.48,ml,24,77,0.009847,0.62,ci,ci14179292,2022-08-05T17:09:25.777Z,"12km WNW of Calipatria, CA",earthquake,0.76,1.54,0.132,308,reviewed,ci,ci
2005-08-31T23:32:11.040Z,33.1896667,-115.603,4.267,4.57,ml,55,44,0.01613,0.4,ci,ci14178248,2020-06-27T04:48:10.189Z,"10km SW of Niland, CA",earthquake,0.5,0.75,0.142,170,reviewed,ci,ci
2005-08-31T23:27:32.190Z,33.1983333,-115.5891667,2.892,4.45,ml,62,51,0.03185,0.34,ci,ci14178236,2016-03-07T23:50:00.761Z,"8km SW of Niland, CA",earthquake,0.4,0.74,0.145,178,reviewed,ci,ci
2005-08-31T23:07:16.450Z,33.1758333,-115.618,4.622,4.2,ml,46,46,0.008225,0.25,ci,ci14178212,2022-08-05T17:10:28.427Z,"11km WNW of Calipatria, CA",earthquake,0.31,0.51,0.106,172,reviewed,ci,ci
2005-08-31T22:50:24.030Z,33.1721667,-115.6115,2.003,4.46,ml,44,60,0.01434,0.32,ci,ci14178188,2022-08-05T17:11:30.850Z,"10km WNW of Calipatria, CA",earthquake,0.43,0.75,0.131,60,reviewed,ci,ci
2005-08-31T22:47:45.530Z,33.1663333,-115.6351667,4.003,4.63,ml,45,67,0.0198,0.27,ci,ci14178184,2020-06-27T04:47:30.746Z,"12km WNW of Calipatria, CA",earthquake,0.27,31.61,0.131,153,reviewed,ci,ci
2005-08-25T02:27:44.280Z,40.4816667,-124.3086667,26.711,4.11,mw,13,122,0.02281,0.04,nc,nc21479484,2022-02-17T19:01:58.952Z,"11km SSW of Ferndale, CA",earthquake,0.81,0.92,,4,reviewed,nc,nc
2005-08-06T05:40:33.460Z,36.1391667,-118.045,-1.829,4.38,ml,49,70,0.2174,0.45,ci,ci14169456,2016-03-07T20:15:55.062Z,"14km NW of Coso Junction, CA",earthquake,0.5,1.26,0.117,196,reviewed,ci,ci
2005-07-24T12:59:42.870Z,33.674,-119.761,5.832,4.11,ml,41,172,0.4688,0.37,ci,ci14165408,2016-03-08T00:49:56.838Z,"44km SE of Santa Rosa Is., CA",earthquake,2.27,31.61,0.232,124,reviewed,ci,ci
2005-06-26T18:45:57.790Z,39.305,-120.0928333,-2.261,4.77,mw,25,82,0.04955,0.26,nc,nc21465580,2020-05-06T08:01:53.473Z,"8 km NNW of Tahoe Vista, California",earthquake,0.55,2.81,,6,reviewed,nc,nc
2005-06-16T20:53:26.020Z,34.058,-117.0113333,10.558,4.88,mw,149,18,,0.29,ci,ci14155260,2025-08-22T06:53:50.444Z,"4km NE of Yucaipa, CA",earthquake,0.21,0.46,,6,reviewed,ci,ci
2005-06-12T15:41:46.520Z,33.5325,-116.5666667,13.051,5.2,mw,96,19,0.04319,0.21,ci,ci14151344,2022-09-07T22:13:56.526Z,"10km ESE of Anza, CA",earthquake,0.17,0.26,,0,reviewed,ci,ci
2005-05-23T19:59:58.660Z,35.6696667,-121.0835,5.489,4.07,ml,72,95,0.05856,0.08,nc,nc21458268,2017-03-17T18:34:37.420Z,"10 km ENE of San Simeon, California",earthquake,0.12,0.32,,19,reviewed,nc,nc
2005-05-21T00:39:32.690Z,33.2235,-116.2048333,14.864,4.06,ml,89,22,0.1373,0.29,ci,ci14146956,2020-06-27T04:46:34.906Z,"11km NW of Ocotillo Wells, CA",earthquake,0.25,0.42,0.253,122,reviewed,ci,ci
2005-05-16T07:24:37.510Z,35.9288333,-120.477,9.476,4.48,mw,52,62,0.03153,0.05,nc,nc21456837,2020-05-06T07:18:37.344Z,"5 km NW of Parkfield, California",earthquake,0.15,0.23,,7,reviewed,nc,nc
2005-05-10T20:21:10.510Z,40.9461667,-121.7576667,17.106,4.43,mw,58,61,0.2631,0.21,nc,nc21455783,2020-05-06T07:18:14.647Z,"10 km NW of Burney, California",earthquake,0.32,0.89,,4,reviewed,nc,nc
2005-05-09T22:37:39.060Z,38.7885,-122.7546667,-0.514,4.33,mw,70,32,0.01441,0.12,nc,nc21455621,2020-05-06T07:14:08.836Z,"4 km SW of Cobb, California",earthquake,0.12,0.32,,9,reviewed,nc,nc
2005-05-08T08:43:55.350Z,38.3783333,-122.1623333,8.527,4.14,mw,119,63,0.05225,0.17,nc,nc21455182,2020-05-06T07:09:59.929Z,"7 km SSE of Moskowite Corner, California",earthquake,0.15,0.3,,4,reviewed,nc,nc
2005-05-06T02:29:09.510Z,35.0306667,-119.1813333,10.678,4.06,ml,100,26,,0.42,ci,ci10097009,2020-06-27T04:44:26.461Z,"20km E of Maricopa, CA",earthquake,0.34,0.81,0.25,132,reviewed,ci,ci
2005-04-16T19:18:13.400Z,35.0223333,-119.191,9.288,4.59,mw,73,62,,0.35,ci,ci14138080,2022-05-02T17:55:21.942Z,"20km ESE of Maricopa, CA",earthquake,0.31,1.64,,6,reviewed,ci,ci
2005-03-17T23:21:30.230Z,40.743,-124.478,26.825,4.08,mw,37,217,0.2883,0.07,nc,nc21446031,2020-05-06T07:08:43.636Z,"21 km WNW of Indianola, California",earthquake,0.49,1.4,,3,reviewed,nc,nc
2005-03-13T22:09:12.760Z,37.4536667,-118.8398333,5.448,4,mw,49,82,0.1,0.05,nc,nc21445149,2017-03-17T18:28:54.798Z,"15 km SW of Aspen Springs, California",earthquake,0.24,0.87,,6,reviewed,nc,nc
2005-02-05T18:43:30.310Z,37.4003333,-121.4833333,7.195,4.18,mw,116,69,0.05586,0.1,nc,nc21437727,2022-08-08T22:21:00.391Z,"18 km W of Diablo Grande, California",earthquake,0.13,0.33,,4,reviewed,nc,nc
2005-02-02T13:17:39.740Z,31.9385,-116.223,6.58,4.05,ml,13,138,0.726,0.25,ci,ci14123056,2017-02-07T22:10:36.860Z,"38km ENE of Ensenada, B.C., MX",earthquake,1.03,24,0.223,100,reviewed,ci,ci
2005-01-12T08:10:46.380Z,33.9526667,-116.3953333,7.107,4.26,ml,83,29,,0.18,ci,ci14118096,2022-08-05T17:17:00.271Z,"10km E of Desert Hot Springs, CA",earthquake,0.19,0.9,0.199,125,reviewed,ci,ci
2005-01-06T14:35:27.680Z,34.1238333,-117.4448333,6.148,4.42,ml,137,29,,0.28,ci,ci14116972,2020-05-02T01:26:02.408Z,"3km NNE of Fontana, CA",earthquake,0.18,0.57,0.237,130,reviewed,ci,ci
2004-12-27T10:36:22.970Z,38.7491667,-122.7263333,2.891,4.31,mw,52,26,0.02613,0.08,nc,nc21430438,2020-05-06T07:02:23.294Z,"8 km S of Cobb, California",earthquake,0.11,0.28,,6,reviewed,nc,nc
2004-12-12T09:13:33.570Z,40.6965,-123.8673333,27.519,4.42,mw,32,107,0.2054,0.13,nc,nc21426829,2020-05-06T07:01:59.586Z,"22 km SE of Indianola, California",earthquake,0.26,1.12,,5,reviewed,nc,nc
2004-12-05T01:48:04.750Z,40.7388333,-123.8153333,27.983,4.3,mw,10,172,0.1495,0.07,nc,nc21425113,2020-05-06T07:01:34.336Z,"21 km SE of Blue Lake, California",earthquake,0.86,0.6,,4,reviewed,nc,nc
2004-11-29T01:54:14.510Z,35.9448333,-120.4923333,9.664,4.17,mw,68,37,0.01171,0.06,nc,nc21423530,2020-05-06T07:01:12.967Z,"7 km NW of Parkfield, California",earthquake,0.14,0.18,,2,reviewed,nc,nc
2004-11-24T02:06:04.510Z,36.6068333,-121.209,6.403,4.35,mw,87,28,0.03514,0.07,nc,nc21422178,2022-08-08T22:19:49.462Z,"22 km SSE of Tres Pinos, California",earthquake,0.12,0.31,,5,reviewed,nc,nc
2004-11-13T17:39:16.930Z,34.3535,-116.8446667,8.029,4.19,ml,102,17,0.01525,0.18,ci,ci10059745,2022-08-05T17:19:06.284Z,"10km N of Big Bear City, CA",earthquake,0.17,0.73,0.217,132,reviewed,ci,ci
2004-10-09T03:45:48.680Z,37.9788333,-118.6588333,5.445,4.52,mw,47,67,0.04595,0.08,nc,nc21405798,2022-08-08T22:18:34.142Z,"23 km NW of Benton, California",earthquake,0.22,0.67,,4,reviewed,nc,nc
2004-10-08T16:32:32.425Z,38.6873,-115.4114,1.1,4.1,ml,15,89.56,0.365,0.1039,nn,nn00116291,2018-04-24T21:24:36.485Z,"39 km SW of Preston, Nevada",earthquake,,3.4,0.38,11,reviewed,nn,nn
2004-10-02T12:22:09.050Z,35.5431667,-120.8156667,4.97,4.06,mw,69,47,0.07477,0.07,nc,nc21402583,2020-05-06T07:00:01.182Z,"9 km W of Templeton, California",earthquake,0.14,0.58,,5,reviewed,nc,nc
2004-09-30T18:54:28.840Z,35.988,-120.5378333,9.889,4.88,mw,68,27,0.01802,0.05,nc,nc21401170,2022-08-08T22:17:31.287Z,"13 km NW of Parkfield, California",earthquake,0.12,0.2,,4,reviewed,nc,nc
2004-09-29T22:54:54.240Z,35.3898333,-118.6235,2.788,5.03,mw,71,18,,0.25,ci,ci14095628,2022-08-05T17:21:36.671Z,"25km SSW of Bodfish, California",earthquake,0.27,0.72,,6,reviewed,ci,ci
2004-09-29T17:10:04.030Z,35.9536667,-120.5021667,10.772,5,mw,66,33,0.003604,0.07,nc,nc21401069,2022-08-08T22:16:20.365Z,"8 km NW of Parkfield, California",earthquake,0.15,0.21,,6,reviewed,nc,nc
2004-09-28T19:31:27.810Z,35.8385,-120.388,8.683,4.03,mw,63,33,0.009009,0.03,nc,nc21400474,2017-03-17T18:10:13.305Z,"7 km SSE of Parkfield, California",earthquake,0.14,0.23,,4,reviewed,nc,nc
2004-09-28T17:24:15.280Z,35.8045,-120.3498333,5.998,4.71,mw,56,37,0.02613,0.04,nc,nc21400461,2022-08-08T22:14:52.628Z,"12 km SE of Parkfield, California",earthquake,0.13,0.24,,3,reviewed,nc,nc
2004-09-28T17:19:23.920Z,35.8443333,-120.4015,8.243,4.12,md,21,83,0.008108,0.07,nc,nc21400459,2017-01-08T22:39:52.461Z,"6 km SSE of Parkfield, California",earthquake,0.34,0.49,0.1,4,reviewed,nc,nc
2004-09-28T17:19:06.810Z,35.8571667,-120.4063333,8.503,4.15,ml,58,40,0.02162,0.04,nc,nc30228271,2022-08-08T22:13:44.900Z,"5 km SSE of Parkfield, California",earthquake,0.15,0.23,,28,reviewed,nc,nc
2004-09-28T17:15:24.250Z,35.8181667,-120.366,8.136,5.97,mw,61,26,0.01622,0.04,nc,nc30228270,2026-01-30T23:34:39.029Z,"2004 Parkfield, California Earthquake",earthquake,0.14,0.25,,4,reviewed,nc,nc
2004-09-20T16:51:04.810Z,38.0276667,-118.6425,2.185,4.67,mw,49,65,0.06216,0.08,nc,nc21397068,2022-08-08T22:12:35.181Z,"27 km NNW of Benton, California",earthquake,0.18,0.6,,5,reviewed,nc,nc
2004-09-18T23:47:58.520Z,38.0271667,-118.6463333,5.748,4.1,ml,45,63,0.06486,0.07,nc,nc21396218,2018-07-13T22:07:45.277Z,"27 km NNW of Benton, California",earthquake,0.22,0.84,,18,reviewed,nc,nc
2004-09-18T23:43:41.490Z,38.0233333,-118.658,0.431,5.35,mw,48,76,0.07117,0.07,nc,nc30500748,2022-05-02T17:27:26.590Z,"27 km NW of Benton, California",earthquake,0.21,2.84,,6,reviewed,nc,nc
2004-09-18T23:02:17.750Z,38.0095,-118.6785,3.355,5.4,mw,52,55,0.05045,0.08,nc,nc21396205,2022-08-08T22:11:30.657Z,"27 km NW of Benton, California",earthquake,0.2,0.6,,9,reviewed,nc,nc
2004-09-18T07:07:59.960Z,38.0108333,-118.6711667,6.07,4.11,mw,39,73,0.0955,0.06,nc,nc21396039,2018-04-24T21:16:55.029Z,"27 km NW of Benton, California",earthquake,0.2,0.91,,4,reviewed,nc,nc
2004-08-22T01:25:12.350Z,32.3418333,-115.2241667,5.987,4.16,ml,19,212,0.4447,0.43,ci,ci14086684,2022-08-05T17:23:45.688Z,"3km WSW of Delta, B.C., MX",earthquake,2.8,31.61,0.2,119,reviewed,ci,ci
2004-08-07T07:32:07.640Z,40.3105,-124.5731667,19.067,4.1,mw,22,240,0.2126,0.09,nc,nc21386701,2017-03-17T17:58:54.613Z,"39 km SW of Ferndale, California",earthquake,1.92,0.31,,2,reviewed,nc,nc
2004-07-24T12:55:19.900Z,34.3805,-119.436,3.404,4.27,ml,66,72,,0.49,ci,ci14077668,2020-05-02T01:24:17.514Z,"8km ESE of Carpinteria, CA",earthquake,0.51,1.13,0.199,131,reviewed,ci,ci
2004-07-14T00:53:52.480Z,33.711,-116.0556667,12.651,4.02,ml,72,31,0.07807,0.19,ci,ci14073800,2022-08-05T17:24:48.697Z,"11km NE of Thermal, CA",earthquake,0.23,0.5,0.196,130,reviewed,ci,ci
2004-06-15T22:28:48.190Z,32.3428333,-117.9141667,9.824,4.98,mw,10,249,0.7503,0.79,ci,ci14065544,2025-12-19T23:13:20.261Z,"67km SE of San Clemente Is. (SE tip), CA",earthquake,3.45,31.61,,6,reviewed,ci,ci
2004-06-03T08:54:46.230Z,39.3335,-120.0083333,2.991,4.2,mw,43,120,0.04144,0.08,nc,nc21368407,2020-05-06T06:54:02.236Z,"6 km S of Floriston, California",earthquake,0.24,0.91,,4,automatic,nc,nc
2004-05-16T01:29:39.277Z,37.2798,-114.84,0,4.5,ml,7,227,0.21,0.1102,nn,nn00105745,2018-04-24T21:11:39.934Z,"30 km ESE of Alamo, Nevada",earthquake,,0,,,reviewed,nn,nn
2004-05-09T08:57:17.300Z,34.3946667,-120.0223333,3.91,4.4,ml,37,135,0.1376,0.34,ci,ci10006857,2020-05-02T01:22:56.541Z,"15km W of Isla Vista, CA",earthquake,0.66,0.87,0.189,120,reviewed,ci,ci
2004-03-17T23:53:07.280Z,35.7306667,-121.075,4.271,4.51,mw,67,46,0.06036,0.09,nc,nc21351360,2020-05-06T06:53:37.080Z,"9 km WSW of Oak Shores, California",earthquake,0.15,0.46,,7,automatic,nc,nc
2004-03-16T06:38:32.570Z,36.805,-121.5203333,4.652,4.25,mw,96,34,0.02162,0.16,nc,nc21350824,2020-05-06T06:53:14.182Z,"4 km SSE of San Juan Bautista, California",earthquake,0.16,0.32,,5,reviewed,nc,nc
2004-02-18T20:37:46.420Z,38.8366667,-122.7671667,2.551,4.58,mw,53,37,0.02613,0.09,nc,nc21344222,2020-05-06T06:52:50.814Z,"4 km WNW of Cobb, California",earthquake,0.13,0.43,,5,reviewed,nc,nc
2004-02-14T12:43:11.230Z,35.0398333,-119.145,10.447,4.34,ml,72,62,,0.34,ci,ci9983429,2020-05-06T06:52:26.444Z,"22km N of Pine Mountain Club, CA",earthquake,0.34,1.66,0.284,139,reviewed,ci,ci
2004-01-02T10:47:40.120Z,35.6995,-121.1468333,6.711,4.14,mw,55,78,0.01802,0.08,nc,nc30226905,2022-08-08T22:10:15.223Z,"7 km NNE of San Simeon, California",earthquake,0.15,0.38,,3,reviewed,nc,nc
2003-12-25T11:50:02.560Z,35.5476667,-120.8286667,4.591,4.41,ml,12,215,0.27,0.25,ci,ci9968977,2022-06-18T07:47:52.871Z,"11km W of Templeton, CA",earthquake,2.18,6.69,0.205,131,reviewed,ci,ci
2003-12-25T05:21:59.310Z,35.6483333,-121.0968333,5.283,4,mw,27,117,0.04775,0.06,nc,nc30500583,2017-03-17T19:47:14.735Z,"8 km E of San Simeon, California",earthquake,0.19,0.58,,5,reviewed,nc,nc
2003-12-23T18:17:11.210Z,35.6456667,-121.0536667,7.787,4.7,mw,44,73,0.05586,0.08,nc,nc21324051,2022-06-21T03:30:47.676Z,"9 km NNE of Cambria, California",earthquake,0.2,0.81,,6,reviewed,nc,nc
2003-12-23T09:41:49.190Z,35.5296667,-120.9126667,2.826,4.07,md,10,80,0.006306,0.19,nc,nc68006297,2017-01-04T21:08:48.711Z,"9 km N of Cayucos, California",earthquake,0.91,0.62,0.02,3,reviewed,nc,nc
2003-12-23T05:30:19.340Z,35.66,-121.1078333,6.757,4.1,mw,50,127,0.04324,0.07,nc,nc30226902,2022-06-18T07:45:23.179Z,"7 km ENE of San Simeon, California",earthquake,0.18,0.75,,5,reviewed,nc,nc
2003-12-23T03:46:00.940Z,35.691,-121.1166667,7.063,4.3,mw,35,86,0.03153,0.06,nc,nc21324210,2017-03-17T17:47:11.194Z,"8 km NE of San Simeon, California",earthquake,0.19,0.5,,6,reviewed,nc,nc
2003-12-23T02:06:55.320Z,35.6845,-121.1068333,6.085,4.1,mw,57,95,0.03784,0.07,nc,nc30500512,2017-03-17T19:46:21.013Z,"8 km ENE of San Simeon, California",earthquake,0.13,0.38,,4,reviewed,nc,nc
2003-12-22T23:52:36.810Z,35.5366667,-120.886,3.473,4.1,mw,49,45,0.1054,0.07,nc,nc30226891,2017-03-17T19:37:45.852Z,"10 km N of Cayucos, California",earthquake,0.12,0.56,,3,reviewed,nc,nc
2003-12-22T21:31:36.410Z,35.7076667,-121.0661667,4.859,4.2,mw,57,58,0.07568,0.08,nc,nc30500293,2017-03-17T19:45:02.394Z,"10 km SW of Oak Shores, California",earthquake,0.15,0.56,,3,reviewed,nc,nc
2003-12-22T20:41:43.870Z,35.6615,-121.0463333,4.6,4.38,ml,55,100,0.1433,0.08,nc,nc71110459,2019-06-14T00:50:01.997Z,"11km NNE of Cambria, CA",earthquake,0.15,0.8,0.128,8,reviewed,nc,nc
2003-12-22T20:41:09.880Z,35.5861667,-120.8871667,2.753,4.28,ml,36,80,0.05495,0.09,nc,nc30500441,2017-03-17T19:45:46.955Z,"15 km S of Lake Nacimiento, California",earthquake,0.22,0.73,,0,reviewed,nc,nc
2003-12-22T20:06:14.670Z,35.687,-121.1068333,6.848,4.14,ml,50,96,0.03874,0.07,nc,nc30500281,2017-03-17T19:44:20.839Z,"8 km ENE of San Simeon, California",earthquake,0.13,0.46,,18,reviewed,nc,nc
2003-12-22T19:31:05.190Z,35.534,-120.832,3.587,4.02,ml,17,142,0.1387,0.07,nc,nc68005767,2017-01-04T19:59:32.577Z,"11 km NNE of Cayucos, California",earthquake,0.26,0.96,,8,reviewed,nc,nc
2003-12-22T19:28:45.830Z,35.63,-120.9823333,1.578,4.2,ml,19,92,0.1288,0.14,nc,nc21323714,2017-03-17T17:45:48.413Z,"11 km NE of Cambria, California",earthquake,0.48,2.62,,8,reviewed,nc,nc
2003-12-22T19:26:07.230Z,35.6318333,-121.0551667,7.796,4.73,ml,21,111,0.1135,0.08,nc,nc21323713,2019-06-28T18:47:49.860Z,"7 km NNE of Cambria, California",earthquake,0.35,0.98,,18,reviewed,nc,nc
2003-12-22T19:15:56.240Z,35.7005,-121.1005,8.382,6.5,mw,65,71,0.04685,0.07,nc,nc21323712,2025-03-29T18:13:42.819Z,"10 km NE of San Simeon, California",earthquake,0.16,0.6,,4,reviewed,nc,nc
2003-12-20T16:35:23.880Z,37.1788333,-117.8551667,7.753,4,ml,15,75,,0.18,ci,ci9966033,2022-08-09T07:42:41.506Z,"38km E of Big Pine, CA",earthquake,0.4,2.98,0.208,95,reviewed,ci,ci
2003-11-23T12:19:59.750Z,40.729,-115.148,10,4.5,mb,30,60.2,,0.57,us,usp000cdrc,2020-06-27T04:07:28.259Z,"27 km E of Lamoille, Nevada",earthquake,,,,4,reviewed,us,us
2003-11-18T06:59:34.830Z,38.2257,-117.8748,9.1,4.2,ml,36,93.46,0.301,0.1422,nn,nn00075865,2018-04-24T21:47:42.372Z,"27 km SE of Mina, Nevada",earthquake,,1.5,0,1,reviewed,nn,nn
2003-11-15T21:19:36.644Z,38.2199,-117.8708,7.1,4.3,mb,31,122.75,0.307,0.1317,nn,nn00075650,2018-04-24T21:47:27.682Z,"28 km SE of Mina, Nevada",earthquake,,4.6,,,reviewed,nn,nn
2003-11-15T20:11:59.230Z,38.2215,-117.8737,8.8,4.2,mb,38,96.58,0.304,0.1114,nn,nn00075644,2018-04-24T21:47:28.026Z,"27 km SE of Mina, Nevada",earthquake,,1.2,,,reviewed,nn,nn
2003-10-08T11:26:22.500Z,32.168,-115.425,5.966,4.29,ml,16,228,,0.29,ci,ci9949793,2016-04-02T03:32:04.833Z,"25km WSW of Alberto Oviedo Mota, B.C., MX",earthquake,1.73,31.61,0.225,127,reviewed,ci,ci
2003-10-03T16:56:34.810Z,38.8393333,-122.8095,0.778,4.13,mw,62,42,0.01532,0.07,nc,nc30226367,2022-08-09T07:41:38.867Z,"7 km WNW of Cobb, California",earthquake,0.12,0.21,,5,reviewed,nc,nc
2003-09-05T01:39:53.680Z,37.8431667,-122.2225,11.013,4,mw,130,27,0.02793,0.1,nc,nc21305648,2022-06-18T07:09:59.289Z,"2 km NNE of Piedmont, California",earthquake,0.1,0.24,,7,reviewed,nc,nc
2003-08-03T12:00:52.830Z,38.798,-122.768,1.7,4.2,mwr,42,142.5,,,us,usp000c3zp,2022-06-18T07:01:56.817Z,"4 km SW of Cobb, California",earthquake,,,,,reviewed,nc,brk
2003-07-30T04:50:06.360Z,38.6806667,-122.9098333,4.868,4,mw,47,44,0.08468,0.1,nc,nc30226086,2019-06-28T18:47:48.527Z,"3 km SSW of Geyserville, California",earthquake,0.16,0.63,,5,reviewed,nc,nc
2003-07-15T06:15:50.750Z,34.6216667,-116.6671667,6.475,4.15,ml,79,25,,0.21,ci,ci9930549,2022-06-18T06:57:50.534Z,"34km NE of Lucerne Valley, CA",earthquake,0.2,1.29,0.189,264,reviewed,ci,ci
2003-07-04T20:52:57.770Z,40.3238333,-124.584,23.594,4.3,mw,27,235,0.2243,0.06,nc,nc21291019,2017-03-17T17:27:20.594Z,"39 km SW of Ferndale, California",earthquake,0.83,0.66,,5,reviewed,nc,nc
2003-06-26T06:20:01.010Z,32.0156667,-117.384,5.741,4.06,ml,6,304,0.7044,0.13,ci,ci13974072,2022-08-05T17:43:57.039Z,"48km SW of Rosarito, B.C., MX",earthquake,1.39,31.61,0.207,130,reviewed,ci,ci
2003-05-29T22:52:14.296Z,38.2536,-117.9116,5.5,4,mb,35,47.49,0.261,0.1376,nn,nn00068024,2018-04-24T21:41:32.260Z,"22 km SE of Mina, Nevada",earthquake,,1.9,,,reviewed,nn,nn
2003-05-25T07:09:33.670Z,38.4581667,-122.699,4.625,4.12,mw,82,52,0.01802,0.17,nc,nc30225889,2022-06-18T06:40:19.591Z,"2 km NE of Santa Rosa, California",earthquake,0.16,0.36,,6,reviewed,nc,nc
2003-05-24T02:04:28.950Z,32.9485,-115.5503333,16.016,4.17,ml,42,62,,0.22,ci,ci13966396,2020-02-12T17:12:53.423Z,"4km SSW of Brawley, CA",earthquake,0.36,0.53,0.175,269,reviewed,ci,ci
2003-05-20T16:50:41.700Z,38.8011667,-122.8033333,-0.125,4.05,mw,62,35,0.009009,0.09,nc,nc30225804,2022-06-18T06:37:41.111Z,"7 km WSW of Cobb, California",earthquake,0.11,0.23,,5,reviewed,nc,nc
2003-04-22T10:46:09.550Z,40.5881667,-124.0748333,26.702,4.3,mw,17,122,0.1748,0.11,nc,nc21276828,2022-06-18T06:32:20.875Z,"4 km NNE of Hydesville, California",earthquake,0.63,1.8,,5,reviewed,nc,nc
2003-03-11T19:28:17.910Z,34.3591667,-116.1331667,3.069,4.64,ml,69,32.2,,0.26,ci,ci13945908,2020-02-12T17:16:53.028Z,"25km NNW of Twentynine Palms, CA",earthquake,0.22,0.44,0.968,132,reviewed,ci,ci
2003-03-08T15:35:01.730Z,37.5715,-118.8835,3.246,4,mw,50,89,0.03874,0.05,nc,nc21270208,2022-08-09T07:38:22.058Z,"11 km SE of Mammoth Lakes, California",earthquake,0.19,0.31,,5,reviewed,nc,nc
2003-02-27T05:00:21.700Z,34.3043333,-116.843,2.989,4.04,ml,96,17.9,,0.28,ci,ci13939856,2022-08-05T17:47:56.495Z,"5km N of Big Bear City, CA",earthquake,0.22,0.52,0.918,129,reviewed,ci,ci
2003-02-25T04:03:04.800Z,34.3155,-116.8445,1.099,4.61,ml,100,17.8,,0.27,ci,ci13938812,2020-02-12T17:18:13.363Z,"6km N of Big Bear City, CA",earthquake,0.19,0.46,0.943,132,reviewed,ci,ci
2003-02-22T19:33:45.800Z,34.3096667,-116.8503333,1.409,4.5,ml,89,17.8,,0.23,ci,ci13936812,2022-08-05T17:49:20.107Z,"5km N of Big Bear City, CA",earthquake,0.2,0.43,0.558,133,reviewed,ci,ci
2003-02-22T14:16:08.420Z,34.3241667,-116.858,2.549,4.1,ml,89,17.2,,0.24,ci,ci13936432,2020-02-12T17:19:09.342Z,"7km N of Big Bear City, CA",earthquake,0.21,0.42,0.464,131,reviewed,ci,ci
2003-02-22T12:25:13.640Z,34.326,-116.8571667,8.087,4.01,ml,75,45,,0.36,ci,ci13936076,2016-04-02T16:01:53.599Z,"7km N of Big Bear City, CA",earthquake,0.28,3.63,0.382,106,reviewed,ci,ci
2003-02-22T12:21:33.130Z,34.3108333,-116.8506667,2.769,4.34,ml,76,34.9,,0.22,ci,ci13935996,2022-08-05T17:49:35.697Z,"6km N of Big Bear City, CA",earthquake,0.23,0.41,0.469,4,reviewed,ci,ci
2003-02-22T12:20:15.640Z,34.311,-116.8473333,2.808,4,mh,43,60.9,,0.3,ci,ci13935992,2022-08-05T17:50:30.855Z,"6km N of Big Bear City, CA",earthquake,0.38,0.66,0.596,0,reviewed,ci,ci
2003-02-22T12:19:10.920Z,34.312,-116.8448333,5.589,4.99,mw,93,35,,0.32,ci,ci13935988,2022-05-02T16:26:11.224Z,"6km N of Big Bear City, CA",earthquake,0.16,0.56,,6,reviewed,ci,ci
2003-02-02T18:47:38.820Z,37.7481667,-121.9423333,15.964,4,mw,117,64,0.0982,0.15,nc,nc30225375,2022-08-09T07:37:18.135Z,"4 km SE of San Ramon, California",earthquake,0.17,0.24,,3,reviewed,nc,nc
2003-02-02T18:22:58.350Z,37.7425,-121.9373333,15.594,4,mw,115,74,0.0964,0.13,nc,nc21266207,2022-08-09T07:36:10.150Z,"4 km N of Dublin, California",earthquake,0.16,0.25,,3,reviewed,nc,nc
2003-01-25T09:16:10.220Z,35.3175,-118.6538333,4.868,4.54,ml,55,44.8,0.1924,0.24,ci,ci9882329,2022-08-09T07:35:00.992Z,"20km NE of Arvin, CA",earthquake,0.27,23.57,0.983,130,reviewed,ci,ci
2003-01-07T22:29:26.910Z,36.806,-121.3898333,7.985,4.3,mw,91,33,0.04324,0.07,nc,nc21262721,2022-06-18T06:11:01.319Z,"2 km WSW of Ridgemark, California",earthquake,0.12,0.23,,5,reviewed,nc,nc
2002-12-12T21:03:43.200Z,32.3671667,-115.2018333,7.019,4.21,ml,16,213,0.4136,0.48,ci,ci9869697,2017-02-09T05:03:56.816Z,"2km NNW of Delta, B.C., MX",earthquake,3.2,37.24,0.203,61,reviewed,ci,ci
2002-12-10T21:04:00.690Z,32.2316667,-115.7981667,6.777,4.84,ml,21,218.5,,0.23,ci,ci13917260,2020-02-12T17:26:39.153Z,"44km SSW of Progreso, B.C., MX",earthquake,1.99,20.35,1.178,104,reviewed,ci,ci
2002-11-26T13:45:51.930Z,32.0996667,-115.0075,6.999,4.08,ml,9,270.9,0.638,0.39,ci,ci13912892,2016-04-02T00:06:16.095Z,"10km S of Estacion Coahuila, B.C., MX",earthquake,3.62,34.52,0.321,76,reviewed,ci,ci
2002-11-25T00:03:10.538Z,37.3832,-117.1892,7.1,4.1,ml,36,54.07,0.101,0.1504,nn,nn00059660,2018-04-24T22:06:14.776Z,"36 km S of Goldfield, Nevada",earthquake,,2.5,0.24,20,reviewed,nn,nn
2002-11-12T16:48:25.080Z,35.9725,-120.5235,7.415,4.1,mw,60,35,0.02252,0.05,nc,nc21254383,2022-06-18T05:53:33.283Z,"11 km NW of Parkfield, California",earthquake,0.14,0.22,,4,reviewed,nc,nc
2002-10-29T14:16:54.080Z,34.8026667,-116.2665,3.67,4.77,ml,31,51.1,,0.2,ci,ci9854597,2022-06-18T05:52:07.684Z,"13km NW of Ludlow, CA",earthquake,0.32,0.54,0.543,130,reviewed,ci,ci
2002-09-28T10:34:47.160Z,35.9461667,-117.3035,2.624,4.13,ml,31,58.9,0.05748,0.22,ci,ci9828889,2016-04-02T09:15:47.900Z,"21km NNE of Trona, CA",earthquake,0.48,0.75,0.897,128,reviewed,ci,ci
2002-09-21T21:26:16.640Z,33.2248333,-116.1128333,14.436,4.31,ml,74,25.8,,0.29,ci,ci9826789,2022-06-18T05:37:35.609Z,"9km N of Ocotillo Wells, CA",earthquake,0.29,0.5,0.223,130,reviewed,ci,ci
2002-09-03T07:08:51.840Z,33.9123333,-117.7833333,9.371,4.78,ml,141,19,,0.31,ci,ci9818433,2022-06-18T05:32:07.750Z,"4km NE of Yorba Linda, CA",earthquake,0.18,0.39,0.185,166,reviewed,ci,ci
2002-06-17T16:55:07.680Z,40.8098333,-124.552,17.195,5.2,mw,74,225,0.3721,0.16,nc,nc21231051,2022-06-18T05:20:48.293Z,"29 km WNW of Fields Landing, California",earthquake,0.62,0.97,,3,reviewed,nc,nc
2002-06-14T12:40:44.706Z,36.7139,-116.3006,12.3,4.2,ml,36,43.48,0.027,0.1641,nn,nn00049993,2022-08-09T07:30:41.886Z,"46 km ESE of Beatty, Nevada",earthquake,,0.8,0.34,11,reviewed,nn,nn
2002-05-14T05:00:29.500Z,36.9668333,-121.5983333,6.791,4.9,mw,110,30,0.01532,0.15,nc,nc21254601,2022-06-18T05:14:04.489Z,"5 km SSW of Gilroy, California",earthquake,0.15,0.31,,4,reviewed,nc,nc
2002-05-04T13:56:32.990Z,40.3126667,-124.5416667,6.075,4.4,mw,52,230,0.1901,0.05,nc,nc21224315,2017-03-17T17:00:53.324Z,"37 km SW of Ferndale, California",earthquake,0.47,0.34,,4,reviewed,nc,nc
2002-04-29T12:24:41.100Z,32.0535,-114.9573333,6.008,4.1,ml,6,287.1,0.9612,0.12,ci,ci12883788,2016-04-02T18:16:09.774Z,"16km SSE of Estacion Coahuila, B.C., MX",earthquake,1.52,31.61,0.369,52,reviewed,ci,ci
2002-04-29T00:43:29.770Z,40.6021667,-124.4496667,28.697,4.6,mw,16,227,0.1532,0.04,nc,nc21223451,2022-06-18T05:10:43.562Z,"15 km W of Ferndale, California",earthquake,0.55,0.83,,3,reviewed,nc,nc
2002-04-05T08:02:56.050Z,34.524,-116.2946667,4.548,4.39,ml,61,38.5,0.1231,0.24,ci,ci9775765,2022-08-09T07:29:37.546Z,"25km SSW of Ludlow, CA",earthquake,0.31,22.03,1.018,134,reviewed,ci,ci
2002-03-24T10:44:07.976Z,37.0022,-115.0535,9,4.3,ml,13,172.57,0.404,0.1575,nn,nn00046406,2018-04-24T21:52:30.354Z,"41 km SSE of Alamo, Nevada",earthquake,,2.5,0.32,11,reviewed,nn,nn
2002-03-16T21:33:23.820Z,33.666,-119.33,6.765,4.6,ml,39,122.5,0.4476,0.31,ci,ci12659440,2020-02-12T17:43:23.447Z,"33km NW of Santa Barbara Is., CA",earthquake,0.58,22.45,0.742,112,reviewed,ci,ci
2002-02-22T20:33:49.140Z,32.3043333,-115.3331667,7.025,4.13,ml,15,228.6,0.4783,0.19,ci,ci12456476,2017-02-07T19:39:27.277Z,"14km WSW of Delta, B.C., MX",earthquake,1.95,19.08,0.259,121,reviewed,ci,ci
2002-02-22T19:32:41.750Z,32.3188333,-115.3215,7.007,5.7,mw,20,217.5,0.4751,0.38,ci,ci12456384,2022-05-02T15:45:48.377Z,"13km WSW of Delta, B.C., MX",earthquake,2.44,31.95,,0,reviewed,ci,ci
2002-01-29T05:53:28.930Z,34.3613333,-118.6571667,13.74,4.18,ml,87,17.7,,0.28,ci,ci9753485,2022-06-18T04:51:10.329Z,"13km NE of Simi Valley, CA",earthquake,0.28,0.61,0.24,94,reviewed,ci,ci
2002-01-02T12:11:28.680Z,33.3793333,-116.4345,11.224,4.21,ml,62,29.4,0.1098,0.26,ci,ci9742277,2022-06-18T04:48:11.794Z,"15km NNW of Borrego Springs, CA",earthquake,0.34,0.89,0.327,97,reviewed,ci,ci
2001-12-28T21:14:01.950Z,36.6401667,-121.251,6.575,4.6,mw,60,71,0.03243,0.07,nc,nc21207275,2019-06-28T18:47:45.408Z,"17 km SSE of Tres Pinos, California",earthquake,0.15,0.32,,5,reviewed,nc,nc
2001-12-14T09:41:05.860Z,39.0465,-123.1208333,6.008,4.3,mw,40,32,0.07928,0.06,nc,nc21205975,2022-06-18T04:45:18.099Z,"8 km N of Hopland, California",earthquake,0.13,0.45,,6,reviewed,nc,nc
2001-12-09T01:42:26.450Z,32.0035,-115.01,7.041,4.89,ml,11,260.7,0.6714,0.3,ci,ci9732973,2022-04-29T19:44:21.051Z,"21km S of Estacion Coahuila, B.C., MX",earthquake,2.99,20.17,0.668,130,reviewed,ci,ci
2001-12-08T23:36:10.110Z,31.9976667,-115.0016667,6.981,5.7,mw,12,261.5,0.6721,0.3,ci,ci9732601,2022-06-18T04:42:40.445Z,"22km S of Estacion Coahuila, B.C., MX",earthquake,4.65,28,,6,reviewed,ci,ci
2001-12-07T14:29:08.480Z,39.0431667,-123.1165,6.247,4.2,mw,40,80,0.07568,0.09,nc,nc21205837,2017-03-17T16:47:19.090Z,"7 km N of Hopland, California",earthquake,0.2,0.53,,7,reviewed,nc,nc
2001-11-13T20:43:14.950Z,33.3171667,-115.7001667,5.55,4.11,ml,45,39.9,0.04491,0.28,ci,ci9722633,2016-04-02T18:01:20.975Z,"5km SE of Bombay Beach, CA",earthquake,0.47,1.77,0.168,113,reviewed,ci,ci
2001-10-31T07:56:16.630Z,33.5083333,-116.5143333,13.678,5.02,mw,78,18.2,0.07467,0.26,ci,ci9718013,2022-06-18T04:25:16.624Z,"16km ESE of Anza, CA",earthquake,0.26,0.34,,6,reviewed,ci,ci
2001-10-08T05:37:10.751Z,41.2245,-115.8585,0,4.3,ml,12,194.3,0.67,0.093,nn,nn00038024,2018-04-24T22:18:56.710Z,"36 km NNW of Osino, Nevada",earthquake,,0,0.29,3,reviewed,nn,nn
2001-09-09T23:59:18.040Z,34.059,-118.3885,7.797,4.24,ml,105,29,0.0182,0.41,ci,ci9703873,2022-06-18T04:12:15.691Z,"2km SE of Beverly Hills, CA",earthquake,0.36,0.86,0.259,278,reviewed,ci,ci
2001-08-26T05:03:02.450Z,36.8116667,-121.5308333,6.17,4,mw,66,34,0.02703,0.07,nc,nc21191274,2022-06-18T04:06:56.598Z,"3 km S of San Juan Bautista, California",earthquake,0.14,0.25,,4,reviewed,nc,nc
2001-08-16T22:06:27.870Z,32.7341667,-118.3176667,9.662,4.17,ml,23,203,0.3119,0.47,ci,ci9695549,2022-06-18T04:02:36.138Z,"10km SSE of San Clemente Is. (SE tip), CA",earthquake,1.66,31.61,0.339,279,reviewed,ci,ci
2001-08-16T18:04:33.770Z,32.7595,-118.2881667,6.71,4.36,ml,15,232,0.3094,0.27,ci,ci9695397,2022-06-18T04:01:09.130Z,"9km SE of San Clemente Is. (SE tip), CA",earthquake,1.02,19.6,0.339,284,reviewed,ci,ci
2001-08-11T12:01:31.670Z,39.818,-120.6395,5.051,4.02,md,74,65,0.1649,0.25,nc,nc21188615,2018-04-24T22:16:57.226Z,"3 km NNE of Plumas Eureka, California",earthquake,0.32,0.7,0.1,83,reviewed,nc,nc
2001-08-10T20:19:27.060Z,39.8111667,-120.6166667,5.011,5.2,mw,92,111,0.1459,0.34,nc,nc21188442,2022-06-18T03:59:37.157Z,"3 km N of Blairsden, California",earthquake,0.42,0.92,,5,reviewed,nc,nc
2001-07-28T01:09:29.110Z,36.0581667,-117.8715,0.27,4.01,ml,35,86,0.08975,0.19,ci,ci9686565,2016-04-01T19:22:12.676Z,"7km ENE of Coso Junction, CA",earthquake,0.46,0.74,0.239,133,reviewed,ci,ci
2001-07-20T12:53:07.530Z,35.995,-117.8771667,2.314,4.43,ml,38,75,0.01679,0.18,ci,ci10992159,2016-04-02T17:50:54.359Z,"7km NNE of Little Lake, CA",earthquake,0.32,0.48,0.792,113,reviewed,ci,ci
2001-07-17T12:59:59.170Z,36.017,-117.8823333,-0.706,4.93,mw,33,98,0.01132,0.2,ci,ci9674213,2022-08-09T07:28:30.582Z,"7km ESE of Coso Junction, CA",earthquake,0.43,0.78,,6,reviewed,ci,ci
2001-07-17T12:25:18.950Z,36.043,-117.8721667,4.1,4.07,ml,24,84,0.08006,0.17,ci,ci9674097,2016-04-02T01:38:07.535Z,"7km E of Coso Junction, CA",earthquake,0.34,19.08,0.217,295,reviewed,ci,ci
2001-07-17T12:07:26.100Z,36.0163333,-117.8743333,1.864,5.17,mw,39,37,,0.18,ci,ci9674049,2022-06-18T03:51:06.839Z,"7km ESE of Coso Junction, CA",earthquake,0.35,0.48,,6,reviewed,ci,ci
2001-07-03T19:07:16.260Z,36.6921667,-121.3236667,4.575,4,mw,78,43,0.02342,0.05,nc,nc30223942,2022-08-09T07:27:24.751Z,"10 km S of Tres Pinos, California",earthquake,0.11,0.29,,3,reviewed,nc,nc
2001-07-03T19:02:50.790Z,36.6946667,-121.3281667,5.575,4.1,mw,74,45,0.01892,0.05,nc,nc21209319,2017-03-17T16:52:12.110Z,"10 km S of Tres Pinos, California",earthquake,0.11,0.3,,5,reviewed,nc,nc
2001-07-02T17:33:53.680Z,36.6953333,-121.3283333,4.3,4.1,mw,70,88,0.01802,0.06,nc,nc30223107,2022-06-18T03:40:47.809Z,"10 km S of Tres Pinos, California",earthquake,0.1,0.27,,4,reviewed,nc,nc
2001-05-17T22:56:45.850Z,35.796,-118.0461667,7.192,4.1,ml,43,32,0.06927,0.13,ci,ci9653493,2022-08-09T07:26:19.419Z,"20km SW of Little Lake, CA",earthquake,0.25,1.17,0.285,273,reviewed,ci,ci
2001-05-17T21:53:45.570Z,35.799,-118.0436667,7.54,4.25,ml,43,32,0.07288,0.14,ci,ci9653349,2022-08-09T07:25:12.864Z,"20km SW of Little Lake, CA",earthquake,0.26,1.02,0.868,113,reviewed,ci,ci
2001-03-11T10:11:07.440Z,39.4898333,-122.9465,15.423,4.1,mw,71,31,0.01351,0.19,nc,nc21152690,2017-03-17T16:30:06.718Z,"23 km NE of Potter Valley, California",earthquake,0.21,0.38,,5,reviewed,nc,nc
2001-02-25T23:18:22.500Z,37.3325,-121.6991667,7.078,4.4,mw,95,39,0.05315,0.05,nc,nc21149422,2019-06-28T18:47:43.555Z,"11 km ESE of East Foothills, California",earthquake,0.11,0.3,,5,reviewed,nc,nc
2001-02-11T23:04:06.580Z,36.795,-121.5116667,6.375,4.01,ml,64,35,0.02432,0.1,nc,nc21147372,2022-06-18T01:12:27.245Z,"6 km SSE of San Juan Bautista, California",earthquake,0.15,0.3,,14,reviewed,nc,nc
2001-02-11T00:39:15.970Z,34.2875,-116.9418333,6.611,4.22,ml,71,24,0.06067,0.21,ci,ci9627953,2022-06-18T01:11:04.252Z,"6km NNW of Big Bear Lake, CA",earthquake,0.23,1.31,0.265,64,reviewed,ci,ci
2001-02-10T21:05:05.780Z,34.2895,-116.9458333,7.611,4.66,mw,92,23,0.05891,0.25,ci,ci9627721,2022-06-18T01:09:39.870Z,"6km NNW of Big Bear Lake, CA",earthquake,0.29,1.48,,6,reviewed,ci,ci
2001-02-02T23:03:11.620Z,39.7303333,-122.8288333,6.078,4.2,mw,74,26,0.1162,0.17,nc,nc21145960,2017-03-17T16:26:33.654Z,"28 km WNW of Elk Creek, California",earthquake,0.15,0.39,,6,reviewed,nc,nc
2001-01-18T15:12:35.033Z,37.3657,-117.1757,0,4.1,ml,32,52.09,0.094,0.1556,nn,nn00401913,2018-04-24T22:09:44.396Z,"38 km S of Goldfield, Nevada",earthquake,,0,0.22,12,reviewed,nn,nn
2001-01-17T01:26:32.850Z,31.8125,-114.705,5.961,4.38,ml,10,301,0.7504,0.38,ci,ci9613829,2017-02-09T03:08:29.266Z,"51km SSE of Estacion Coahuila, B.C., MX",earthquake,6.31,31.61,0.23,101,reviewed,ci,ci
2001-01-14T02:50:53.690Z,34.289,-118.403,8.185,4.05,ml,0,25.5,,0.418,ci,ci9173374,2022-06-18T01:05:03.490Z,"3km E of Pacoima, CA",earthquake,,0.154,,233,reviewed,ci,ci
2001-01-14T02:26:14.060Z,34.284,-118.404,8.545,4.26,ml,0,25.9,,0.406,ci,ci9173365,2022-08-09T07:21:37.355Z,"3km E of Pacoima, CA",earthquake,,0.164,,252,reviewed,ci,ci
2001-01-11T18:10:40.840Z,40.6346667,-124.1745,22,4.2,mw,27,151,0.2018,0.09,nc,nc21143130,2022-06-18T01:00:15.267Z,"4 km NNW of Fortuna, California",earthquake,0.35,0.59,,4,reviewed,nc,nc
2000-12-27T13:15:11.220Z,40.466,-124.4601667,28.026,4.1,mw,37,224,0.09459,0.07,nc,nc21140955,2022-06-18T00:58:37.395Z,"20 km SW of Ferndale, California",earthquake,0.61,0.42,,4,reviewed,nc,nc
2000-12-27T00:27:14.100Z,32.726,-118.068,5.773,4,ml,0,210.4,0.4761,0.554,ci,ci7210945,2016-04-02T16:51:00.245Z,"28km ESE of San Clemente Is. (SE tip), CA",earthquake,,,,156,reviewed,ci,ci
2000-12-24T01:04:21.870Z,34.918,-119.02,12.876,4.42,ml,0,29.5,0.06454,0.355,ci,ci9171679,2022-06-18T00:55:26.714Z,"9km WSW of Grapevine, CA",earthquake,,0.146,,212,reviewed,ci,ci
2000-12-20T23:39:14.800Z,40.9885,-121.6935,17.109,4.4,mw,60,78,0.2432,0.19,nc,nc21139833,2023-09-08T17:56:30.289Z,"12 km NNW of Burney, California",earthquake,0.27,0.78,,4,reviewed,nc,nc
2000-12-20T23:22:54.400Z,40.9878333,-121.6898333,18.229,4.3,mw,57,79,0.2423,0.17,nc,nc21139826,2017-03-17T16:18:02.739Z,"11 km NNW of Burney, California",earthquake,0.25,0.7,,6,reviewed,nc,nc
2000-12-08T07:41:11.460Z,38.7823333,-122.7668333,3.461,4.37,mw,58,29,0.03333,0.07,nc,nc21137862,2022-06-18T00:49:31.094Z,"5 km SW of Cobb, California",earthquake,0.13,0.39,,5,reviewed,nc,nc
2000-12-04T14:44:37.210Z,32.278,-114.884,5.094,4.06,ml,0,326.6,1.1,0.268,ci,ci9169996,2016-04-02T14:12:57.073Z,"14km NE of Estacion Coahuila, B.C., MX",earthquake,,,,3,reviewed,ci,ci
2000-12-02T15:34:16.320Z,39.3578333,-120.4735,4.839,4.4,mw,182,106,0.2054,0.18,nc,nc21136858,2022-06-18T00:48:13.100Z,"5 km NW of Kingvale, California",earthquake,0.18,0.24,,6,reviewed,nc,nc
2000-12-02T08:28:07.470Z,34.2656667,-116.7773333,1.305,4.07,ml,96,19.7,,0.21,ci,ci9169867,2022-06-18T00:46:51.616Z,"6km E of Big Bear City, CA",earthquake,0.21,0.5,0.214,112,reviewed,ci,ci
2000-11-19T12:54:50.011Z,40.4909,-119.5187,5,4.2,ml,16,78.54,0.595,0.1286,nn,nn00399831,2018-04-24T22:34:51.220Z,"17 km WSW of Empire, Nevada",earthquake,,2,0.02,2,reviewed,nn,nn
2000-10-14T04:53:29.021Z,37.3782,-117.1085,1.4,4,ml,46,37.79,0.144,0.133,nn,nn00017645,2018-04-24T22:33:32.162Z,"38 km SSE of Goldfield, Nevada",earthquake,,1.3,0.21,15,reviewed,nn,nn
2000-09-26T07:20:29.590Z,38.6603333,-119.5548333,5.525,4.4,mw,138,137,0.3559,0.07,nc,nc21127030,2020-06-27T04:04:31.925Z,"4 km SSW of Topaz Lake, Nevada",earthquake,0.19,0.37,,5,reviewed,nc,nc
2000-09-22T10:50:27.350Z,40.8538333,-124.4508333,12.955,4.38,ml,101,224,0.2847,0.17,nc,nc21126486,2022-06-18T00:30:49.339Z,"22 km W of Samoa, California",earthquake,0.47,0.51,,6,reviewed,nc,nc
2000-09-03T08:36:30.110Z,38.3788333,-122.4133333,9.367,4.9,mw,77,34,0.02523,0.15,nc,nc21123384,2025-03-29T18:15:21.990Z,"5 km WSW of Yountville, California",earthquake,0.19,0.4,,7,reviewed,nc,nc
2000-09-01T19:03:00.081Z,37.7902,-115.8172,3.1,4.1,ml,25,104.13,0.588,0.1272,nn,nn00398783,2018-04-24T22:31:35.257Z,"17 km NNW of Rachel, Nevada",earthquake,,1.9,0.34,16,reviewed,nn,nn
2000-08-13T18:17:48.770Z,40.3668333,-124.4711667,17.435,4.1,mw,38,223,0.273,0.06,nc,nc21119756,2017-03-17T16:10:52.739Z,"29 km SW of Ferndale, California",earthquake,0.69,0.36,,4,reviewed,nc,nc
2000-06-26T15:43:07.550Z,34.7821667,-116.2968333,3.234,4.51,ml,36,34.4,,0.19,ci,ci9155518,2017-02-09T01:50:54.489Z,"14km WNW of Ludlow, CA",earthquake,0.34,0.5,0.236,81,reviewed,ci,ci
2000-06-14T21:49:18.710Z,32.8896667,-115.5091667,10.047,4.51,ml,39,71,0.06752,0.38,ci,ci9154141,2022-06-18T00:21:56.625Z,"7km NE of Imperial, CA",earthquake,0.71,31.61,0.127,289,reviewed,ci,ci
2000-06-14T19:00:20.410Z,32.896,-115.502,5.237,4.11,ml,0,65.1,0.06514,0.325,ci,ci9154092,2022-06-18T00:20:30.653Z,"8km NE of Imperial, CA",earthquake,,0.174,,250,reviewed,ci,ci
2000-05-27T03:35:34.370Z,35.78,-117.651,0,4.05,ml,0,40.9,,0.233,ci,ci9152038,2017-02-09T01:41:44.561Z,"18km N of Ridgecrest, CA",earthquake,,0.149,,288,reviewed,ci,ci
2000-05-17T22:32:07.660Z,39.392,-123.0678333,6.7,4.39,mw,57,41,0.1477,0.12,nc,nc21098249,2017-03-17T16:08:34.164Z,"8 km NNE of Potter Valley, California",earthquake,0.18,0.69,,6,reviewed,nc,nc
2000-05-02T07:16:10.190Z,32.16,-115.149,5.973,4.18,ml,0,254.5,0.5939,0.567,ci,ci9149198,2017-02-09T01:37:11.448Z,"8km SSE of Alberto Oviedo Mota, B.C., MX",earthquake,,,,220,reviewed,ci,ci
2000-05-02T06:49:53.960Z,31.892,-115.092,5.981,4.18,ml,0,297.1,0.8496,0.315,ci,ci3324161,2016-04-02T00:46:15.193Z,"35km SSW of Estacion Coahuila, B.C., MX",earthquake,,,,3,reviewed,ci,ci
2000-05-02T06:45:45.040Z,32.111,-115.119,5.973,4.73,mw,0,260.7,0.6365,0.565,ci,ci9149178,2017-02-09T01:32:47.497Z,"14km SSE of Alberto Oviedo Mota, B.C., MX",earthquake,,,,6,reviewed,ci,ci
2000-04-25T14:06:26.070Z,32.1306667,-115.0958333,5.963,4.5,ml,26,246,0.614,0.55,ci,ci9148478,2017-02-09T01:28:13.654Z,"11km SW of Estacion Coahuila, B.C., MX",earthquake,3.65,31.61,0.202,249,reviewed,ci,ci
2000-04-09T10:48:09.720Z,32.704,-115.393,10.002,4.28,ml,0,157.4,0.1107,0.343,ci,ci9146641,2022-06-18T00:19:05.089Z,"9km NE of Mexicali, B.C., MX",earthquake,,,,246,reviewed,ci,ci
2000-03-28T15:16:15.810Z,36.019,-117.8816667,-0.493,4.24,ml,26,61,,0.24,ci,ci9145067,2017-02-09T01:22:37.182Z,"7km ESE of Coso Junction, CA",earthquake,0.3,0.59,0.189,81,reviewed,ci,ci
2000-03-04T16:13:22.000Z,37.85,-118.2,1.5,4.1,mwr,,,,,us,usp0009p8y,2016-04-02T07:13:13.258Z,"23 km NNW of Dyer, Nevada",earthquake,,,,,reviewed,brk,brk
2000-02-29T22:08:05.780Z,36.085,-117.6008333,-1.294,4.05,ml,25,84,0.09452,0.17,ci,ci9141142,2016-04-02T14:21:08.392Z,"32km E of Coso Junction, CA",earthquake,0.43,0.66,0.198,69,reviewed,ci,ci
2000-02-28T23:08:42.010Z,36.072,-117.601,-1.471,4.21,ml,0,83.5,,0.156,ci,ci7179710,2016-04-02T19:51:48.753Z,"31km ENE of Little Lake, CA",earthquake,,0.448,,213,reviewed,ci,ci
2000-02-21T13:49:43.130Z,34.05,-117.2525,15.051,4.37,ml,77,23,,0.23,ci,ci9140050,2022-06-18T00:10:52.655Z,"1km ENE of Loma Linda, CA",earthquake,0.22,0.27,0.177,6,reviewed,ci,ci
2000-02-14T09:57:42.020Z,34.803,-116.372,1.261,4.36,ml,0,40.9,,0.224,ci,ci7177729,2016-04-02T04:03:21.133Z,"21km WNW of Ludlow, CA",earthquake,,0.217,,233,reviewed,ci,ci
2000-01-18T23:26:01.320Z,38.7515,-122.9135,6.85,4.2,mw,61,36,0.05495,0.13,nc,nc21078341,2017-03-17T16:03:40.112Z,"4 km N of Geyserville, California",earthquake,0.16,0.41,,6,reviewed,nc,nc
2000-01-11T14:19:52.090Z,38.7693333,-122.9138333,5.77,4.59,mw,50,48,0.05405,0.1,nc,nc21076750,2017-03-17T16:02:40.504Z,"6 km N of Geyserville, California",earthquake,0.15,0.39,,19,reviewed,nc,nc
2000-01-10T21:41:27.150Z,38.7571667,-122.9153333,6.105,4.33,mw,53,48,0.07838,0.11,nc,nc21076620,2017-03-17T16:02:08.100Z,"5 km NNW of Geyserville, California",earthquake,0.15,0.45,,17,reviewed,nc,nc
